Fecha,A単o,Mes,Partido,Categoria,Subcategoria,Monto,Cantidad,Fuente,Competencia
11-01-2022,2022,Enero,Celaya,Gastos,Meseros,"1,200.00",,General,Liga
11-01-2022,2022,Enero,Celaya,Gastos,Staff Partido,"6,000.00",,General,Liga
11-01-2022,2022,Enero,Celaya,Gastos,Ambulancia,"4,800.00",,General,Liga
11-01-2022,2022,Enero,Celaya,Gastos,Snack Vendedor,"3,000.00",,General,Liga
11-01-2022,2022,Enero,Celaya,Gastos,Servicio de Palcos,"1,000.00",,General,Liga
11-01-2022,2022,Enero,Celaya,Gastos,Pintura Campo,"1,078.00",,General,Liga
11-01-2022,2022,Enero,Celaya,Gastos,Hielo,"1,152.00",,General,Liga
11-01-2022,2022,Enero,Celaya,Gastos,Staff de Limpieza,"1,500.00",,General,Liga
11-01-2022,2022,Enero,Celaya,Gastos,Taquiilleras,"1,200.00",,General,Liga
11-01-2022,2022,Enero,Celaya,Gastos,Marcador,750.00,,General,Liga
18-01-2022,2022,Enero,Dorados,Gastos,Meseros,"1,200.00",,General,Liga
18-01-2022,2022,Enero,Dorados,Gastos,Staff Apoyo Semana Taq,"1,200.00",,General,Liga
18-01-2022,2022,Enero,Dorados,Gastos,Staff Partido,"6,000.00",,General,Liga
18-01-2022,2022,Enero,Dorados,Gastos,Ambulancia,"4,800.00",,General,Liga
18-01-2022,2022,Enero,Dorados,Gastos,Snack Vestidor,"3,000.00",,General,Liga
18-01-2022,2022,Enero,Dorados,Gastos,Servicio de Palcos,"1,000.00",,General,Liga
18-01-2022,2022,Enero,Dorados,Gastos,Pintura Campo,"1,078.00",,General,Liga
18-01-2022,2022,Enero,Dorados,Gastos,Hielo,"1,152.00",,General,Liga
18-01-2022,2022,Enero,Dorados,Gastos,Staff de Limpieza,"1,500.00",,General,Liga
18-01-2022,2022,Enero,Dorados,Gastos,Taquiilleras,"1,200.00",,General,Liga
18-01-2022,2022,Enero,Dorados,Gastos,Marcador,750.00,,General,Liga
18-01-2022,2022,Enero,Dorados,Gastos,Permiso COFEPRIS,"1,014.00",,General,Liga
18-01-2022,2022,Enero,Dorados,Gastos,Seguridad Privada,"7,830.00",,General,Liga
18-01-2022,2022,Enero,Dorados,Gastos,Seguridad Publica,"5,999.00",,General,Liga
18-01-2022,2022,Enero,Dorados,Gastos,Sonido,"17,400.00",,General,Liga
18-01-2022,2022,Enero,Dorados,Gastos,Hotel One Arbitros,"8,075.97",,General,Liga
18-01-2022,2022,Enero,Dorados,Gastos,Pago Cerverza,"3,640.00",,General,Liga
18-01-2022,2022,Enero,Dorados,Gastos,Refesco,"1,578.00",,General,Liga
30-01-2022,2022,Enero,Atlante,Gastos,Snack Vestidor,"3,000.00",,General,Liga
30-01-2022,2022,Enero,Atlante,Gastos,Staff,"6,000.00",,General,Liga
30-01-2022,2022,Enero,Atlante,Gastos,Taquiilleras,"1,500.00",,General,Liga
30-01-2022,2022,Enero,Atlante,Gastos,Pago Mission,"1,600.00",,General,Liga
30-01-2022,2022,Enero,Atlante,Gastos,Staff de Limpieza,"2,500.00",,General,Liga
30-01-2022,2022,Enero,Atlante,Gastos,Pago Cerveza,"13,780.00",,General,Liga
08-02-2022,2022,Febrero,Tepatitlan,Gastos,Meseros,"1,000.00",,General,Liga
08-02-2022,2022,Febrero,Tepatitlan,Gastos,Snack Vestidor,"3,000.00",,General,Liga
08-02-2022,2022,Febrero,Tepatitlan,Gastos,Staff Partido,"6,000.00",,General,Liga
08-02-2022,2022,Febrero,Tepatitlan,Gastos,Sanitizacion,"2,000.00",,General,Liga
08-02-2022,2022,Febrero,Tepatitlan,Gastos,Ambulancia,"4,800.00",,General,Liga
08-02-2022,2022,Febrero,Tepatitlan,Gastos,Ayudante Staff,900.00,,General,Liga
08-02-2022,2022,Febrero,Tepatitlan,Gastos,Servicio Meseros,"1,002.00",,General,Liga
08-02-2022,2022,Febrero,Tepatitlan,Gastos,Taquiilleras,"1,500.00",,General,Liga
08-02-2022,2022,Febrero,Tepatitlan,Gastos,Hielo,988.00,,General,Liga
08-02-2022,2022,Febrero,Tepatitlan,Gastos,Staff de Limpieza,"2,000.00",,General,Liga
08-02-2022,2022,Febrero,Tepatitlan,Gastos,Marcador,750.00,,General,Liga
08-02-2022,2022,Febrero,Tepatitlan,Gastos,Refresco,"2,712.00",,General,Liga
08-02-2022,2022,Febrero,Tepatitlan,Gastos,Gasolina,500.00,,General,Liga
08-02-2022,2022,Febrero,Tepatitlan,Gastos,Snack Arbitros,"1,000.00",,General,Liga
08-02-2022,2022,Febrero,Tepatitlan,Gastos,Seguridad Privada,"13,050.00",,General,Liga
08-02-2022,2022,Febrero,Tepatitlan,Gastos,Seguridad Publica,"5,999.00",,General,Liga
08-02-2022,2022,Febrero,Tepatitlan,Gastos,Sonido,"17,400.00",,General,Liga
08-02-2022,2022,Febrero,Tepatitlan,Gastos,Hotel One Arbitros,"8,973.30",,General,Liga
08-02-2022,2022,Febrero,Tepatitlan,Gastos,Pago Cerveza,"2,340.00",,General,Liga
08-02-2022,2022,Febrero,Tepatitlan,Gastos,Pago Mission,"1,300.00",,General,Liga
23-02-2022,2022,Febrero,Raya2,Gastos,Meseros,"1,500.00",,General,Liga
23-02-2022,2022,Febrero,Raya2,Gastos,Staff Partido,"4,750.00",,General,Liga
23-02-2022,2022,Febrero,Raya2,Gastos,Sanitizacion,"1,000.00",,General,Liga
23-02-2022,2022,Febrero,Raya2,Gastos,Ambulancia,"4,800.00",,General,Liga
23-02-2022,2022,Febrero,Raya2,Gastos,Servicio Meseros,972.50,,General,Liga
23-02-2022,2022,Febrero,Raya2,Gastos,Taquiilleras,"1,500.00",,General,Liga
23-02-2022,2022,Febrero,Raya2,Gastos,Hielo,"1,596.00",,General,Liga
23-02-2022,2022,Febrero,Raya2,Gastos,Staff de Limpieza,"2,500.00",,General,Liga
23-02-2022,2022,Febrero,Raya2,Gastos,Marcador,750.00,,General,Liga
23-02-2022,2022,Febrero,Raya2,Gastos,Apoyo Taxis,300.00,,General,Liga
23-02-2022,2022,Febrero,Raya2,Gastos,Inflar Baolnes,50.00,,General,Liga
23-02-2022,2022,Febrero,Raya2,Gastos,Comida,667.00,,General,Liga
23-02-2022,2022,Febrero,Raya2,Gastos,Seguridad Privada,"13,050.00",,General,Liga
23-02-2022,2022,Febrero,Raya2,Gastos,Seguridad Publica,"6,440.94",,General,Liga
23-02-2022,2022,Febrero,Raya2,Gastos,Sonido,"17,400.00",,General,Liga
23-02-2022,2022,Febrero,Raya2,Gastos,Hotel One Arbitros,"8,973.30",,General,Liga
23-02-2022,2022,Febrero,Raya2,Gastos,Pago Cerveza,"6,110.00",,General,Liga
23-02-2022,2022,Febrero,Raya2,Gastos,Refresco,"2,038.00",,General,Liga
23-02-2022,2022,Febrero,Raya2,Gastos,Snack Vestidor,"3,000.00",,General,Liga
23-02-2022,2022,Febrero,Raya2,Gastos,Pago Mission,"1,300.00",,General,Liga
15-03-2022,2022,Marzo,Tapatio,Gastos,Meseros,"1,250.00",,General,Liga
15-03-2022,2022,Marzo,Tapatio,Gastos,Sanitizacion,"1,000.00",,General,Liga
15-03-2022,2022,Marzo,Tapatio,Gastos,Ambulancia,"4,800.00",,General,Liga
15-03-2022,2022,Marzo,Tapatio,Gastos,Servicio de Palcos,"1,075.00",,General,Liga
15-03-2022,2022,Marzo,Tapatio,Gastos,Taquiilleras,"1,500.00",,General,Liga
15-03-2022,2022,Marzo,Tapatio,Gastos,Hielo,"1,260.00",,General,Liga
15-03-2022,2022,Marzo,Tapatio,Gastos,Staff de Limpieza,"2,500.00",,General,Liga
15-03-2022,2022,Marzo,Tapatio,Gastos,Marcador,750.00,,General,Liga
15-03-2022,2022,Marzo,Tapatio,Gastos,Apoyo Taxis,300.00,,General,Liga
15-03-2022,2022,Marzo,Tapatio,Gastos,Inflar Balones,50.00,,General,Liga
15-03-2022,2022,Marzo,Tapatio,Gastos,Refresco,"1,575.00",,General,Liga
15-03-2022,2022,Marzo,Tapatio,Gastos,Seguridad Privada,"44,660.00",,General,Liga
15-03-2022,2022,Marzo,Tapatio,Gastos,Seguridad Publica,"9,661.41",,General,Liga
15-03-2022,2022,Marzo,Tapatio,Gastos,Sonido,"17,400.00",,General,Liga
15-03-2022,2022,Marzo,Tapatio,Gastos,Hotel One Arbitros,"8,095.59",,General,Liga
15-03-2022,2022,Marzo,Tapatio,Gastos,Pago Cerverza,"7,150.00",,General,Liga
15-03-2022,2022,Marzo,Tapatio,Gastos,Staff,"4,750.00",,General,Liga
15-03-2022,2022,Marzo,Tapatio,Gastos,Snack Vestidor,"4,408.79",,General,Liga
25-03-2022,2022,Marzo,Pumas Tabasco,Gastos,Meseros,"1,500.00",,General,Liga
25-03-2022,2022,Marzo,Pumas Tabasco,Gastos,Staff Partido,"4,500.00",,General,Liga
25-03-2022,2022,Marzo,Pumas Tabasco,Gastos,Sanitizacion,"1,000.00",,General,Liga
25-03-2022,2022,Marzo,Pumas Tabasco,Gastos,Ambulancia,"4,800.00",,General,Liga
25-03-2022,2022,Marzo,Pumas Tabasco,Gastos,Servicio de Palcos,"1,061.00",,General,Liga
25-03-2022,2022,Marzo,Pumas Tabasco,Gastos,Taquiilleras,"1,500.00",,General,Liga
25-03-2022,2022,Marzo,Pumas Tabasco,Gastos,Hielo,"1,216.00",,General,Liga
25-03-2022,2022,Marzo,Pumas Tabasco,Gastos,Staff de Limpieza,"2,500.00",,General,Liga
25-03-2022,2022,Marzo,Pumas Tabasco,Gastos,Marcador,750.00,,General,Liga
25-03-2022,2022,Marzo,Pumas Tabasco,Gastos,Apoyo Taxis,300.00,,General,Liga
25-03-2022,2022,Marzo,Pumas Tabasco,Gastos,Inflar Balones,20.00,,General,Liga
25-03-2022,2022,Marzo,Pumas Tabasco,Gastos,Comida,515.00,,General,Liga
25-03-2022,2022,Marzo,Pumas Tabasco,Gastos,Refresco,"2,720.00",,General,Liga
25-03-2022,2022,Marzo,Pumas Tabasco,Gastos,Seguridad Privada,"51,040.00",,General,Liga
25-03-2022,2022,Marzo,Pumas Tabasco,Gastos,Seguridad Publica,"9,661.41",,General,Liga
25-03-2022,2022,Marzo,Pumas Tabasco,Gastos,Sonido,"17,400.00",,General,Liga
25-03-2022,2022,Marzo,Pumas Tabasco,Gastos,Hotel One Arbitros,"8,095.59",,General,Liga
25-03-2022,2022,Marzo,Pumas Tabasco,Gastos,Pago Cerveza,"10,564.00",,General,Liga
25-03-2022,2022,Marzo,Pumas Tabasco,Gastos,Pago Mission,"1,300.00",,General,Liga
06-04-2022,2022,Abril,Tlaxcala,Gastos,Meseros,"1,500.00",,General,Liga
06-04-2022,2022,Abril,Tlaxcala,Gastos,Staff Partido,"6,000.00",,General,Liga
06-04-2022,2022,Abril,Tlaxcala,Gastos,Sanitizacion,"2,000.00",,General,Liga
06-04-2022,2022,Abril,Tlaxcala,Gastos,Ambulancia,"4,800.00",,General,Liga
06-04-2022,2022,Abril,Tlaxcala,Gastos,Servicio de Palcos,"1,329.60",,General,Liga
06-04-2022,2022,Abril,Tlaxcala,Gastos,Taquiilleras,"1,500.00",,General,Liga
06-04-2022,2022,Abril,Tlaxcala,Gastos,Hielo,"1,216.00",,General,Liga
06-04-2022,2022,Abril,Tlaxcala,Gastos,Staff de Limpieza,"2,500.00",,General,Liga
06-04-2022,2022,Abril,Tlaxcala,Gastos,Marcador,750.00,,General,Liga
06-04-2022,2022,Abril,Tlaxcala,Gastos,Apoyo Taxis,300.00,,General,Liga
06-04-2022,2022,Abril,Tlaxcala,Gastos,Inflar Balones,20.00,,General,Liga
06-04-2022,2022,Abril,Tlaxcala,Gastos,Refresco,"2,720.00",,General,Liga
06-04-2022,2022,Abril,Tlaxcala,Gastos,Seguridad Privada,"51,040.00",,General,Liga
06-04-2022,2022,Abril,Tlaxcala,Gastos,Seguridad Publica,"9,661.41",,General,Liga
06-04-2022,2022,Abril,Tlaxcala,Gastos,Sonido,"17,400.00",,General,Liga
06-04-2022,2022,Abril,Tlaxcala,Gastos,Hotel One Arbitros,"8,095.59",,General,Liga
06-04-2022,2022,Abril,Tlaxcala,Gastos,Pago Cerveza,"7,089.00",,General,Liga
06-04-2022,2022,Abril,Tlaxcala,Gastos,Pago Mission,"1,300.00",,General,Liga
06-04-2022,2022,Abril,Tlaxcala,Gastos,Pintura Campo,"1,428.00",,General,Liga
06-04-2022,2022,Abril,Tlaxcala,Gastos,Snack,"3,294.00",,General,Liga
21-04-2022,2022,Abril,Tepatitlan,Gastos,Pago Cerveza,"15,290.00",,General,Liga
21-04-2022,2022,Abril,Tepatitlan,Gastos,Pago Mission,975.00,,General,Liga
21-04-2022,2022,Abril,Tepatitlan,Gastos,Hielo,"1,216.00",,General,Liga
21-04-2022,2022,Abril,Tepatitlan,Gastos,Sanitizacion,"2,000.00",,General,Liga
21-04-2022,2022,Abril,Tepatitlan,Gastos,Refresco,"5,440.00",,General,Liga
21-04-2022,2022,Abril,Tepatitlan,Gastos,Pintura Campo,"1,170.00",,General,Liga
21-04-2022,2022,Abril,Tepatitlan,Gastos,Snack,"3,641.00",,General,Liga
21-04-2022,2022,Abril,Tepatitlan,Gastos,DHL,533.58,,General,Liga
21-04-2022,2022,Abril,Tepatitlan,Gastos,Walmart,95.50,,General,Liga
21-04-2022,2022,Abril,Tepatitlan,Gastos,Bolsas,307.35,,General,Liga
21-04-2022,2022,Abril,Tepatitlan,Gastos,Taquiilleras,"1,500.00",,General,Liga
21-04-2022,2022,Abril,Tepatitlan,Gastos,Meseros,"1,500.00",,General,Liga
21-04-2022,2022,Abril,Tepatitlan,Gastos,Staff Partido,"6,000.00",,General,Liga
21-04-2022,2022,Abril,Tepatitlan,Gastos,Ambulancia,"4,800.00",,General,Liga
21-04-2022,2022,Abril,Tepatitlan,Gastos,Servicio de Palcos,"1,317.15",,General,Liga
21-04-2022,2022,Abril,Tepatitlan,Gastos,Staff de Limpieza,"2,500.00",,General,Liga
21-04-2022,2022,Abril,Tepatitlan,Gastos,Marcador,750.00,,General,Liga
21-04-2022,2022,Abril,Tepatitlan,Gastos,Gasolina,500.00,,General,Liga
21-04-2022,2022,Abril,Tepatitlan,Gastos,Apoyo Taxis,300.00,,General,Liga
21-04-2022,2022,Abril,Tepatitlan,Gastos,Comida,500.00,,General,Liga
21-04-2022,2022,Abril,Tepatitlan,Gastos,Medicamento area medica,"1,000.00",,General,Liga
29-04-2022,2022,Abril,Celaya,Gastos,Pago Cerveza,"27,800.00",,General,Liga
29-04-2022,2022,Abril,Celaya,Gastos,Pago Mission,"1,300.00",,General,Liga
29-04-2022,2022,Abril,Celaya,Gastos,Hielo,"3,024.00",,General,Liga
29-04-2022,2022,Abril,Celaya,Gastos,Sanitizacion,"2,000.00",,General,Liga
29-04-2022,2022,Abril,Celaya,Gastos,Refresco,"6,122.00",,General,Liga
29-04-2022,2022,Abril,Celaya,Gastos,Pintura Campo,"1,170.00",,General,Liga
29-04-2022,2022,Abril,Celaya,Gastos,Snack,"3,641.00",,General,Liga
29-04-2022,2022,Abril,Celaya,Gastos,DHL,533.58,,General,Liga
29-04-2022,2022,Abril,Celaya,Gastos,Walmart,95.50,,General,Liga
29-04-2022,2022,Abril,Celaya,Gastos,Bolsas,307.35,,General,Liga
29-04-2022,2022,Abril,Celaya,Gastos,Taquiilleras,"1,500.00",,General,Liga
29-04-2022,2022,Abril,Celaya,Gastos,Meseros,"1,500.00",,General,Liga
29-04-2022,2022,Abril,Celaya,Gastos,Staff Partido,"6,000.00",,General,Liga
29-04-2022,2022,Abril,Celaya,Gastos,Ambulancia,"4,800.00",,General,Liga
29-04-2022,2022,Abril,Celaya,Gastos,Servicio de Palcos,"1,317.15",,General,Liga
29-04-2022,2022,Abril,Celaya,Gastos,Staff de Limpieza,"2,500.00",,General,Liga
29-04-2022,2022,Abril,Celaya,Gastos,Marcador,750.00,,General,Liga
29-04-2022,2022,Abril,Celaya,Gastos,Gasolina,500.00,,General,Liga
29-04-2022,2022,Abril,Celaya,Gastos,Apoyo Taxis,300.00,,General,Liga
29-04-2022,2022,Abril,Celaya,Gastos,Comida,500.00,,General,Liga
29-04-2022,2022,Abril,Celaya,Gastos,Medicamento area medica,"1,000.00",,General,Liga
13-06-2022,2022,Junio,America,Gastos,Efectivo Ramiro Taq,"754,926.00",,General,Amistoso
13-06-2022,2022,Junio,America,Gastos,Pago America Ramiro EFE,"100,000.00",,General,Amistoso
13-06-2022,2022,Junio,America,Gastos,Vallas,"44,700.00",,General,Amistoso
13-06-2022,2022,Junio,America,Gastos,Seguridad,"120,000.00",,General,Amistoso
13-06-2022,2022,Junio,America,Gastos,Operacion Efectivo,"38,894.60",,General,Amistoso
13-06-2022,2022,Junio,America,Gastos,Pago Mission,"1,300.00",,General,Amistoso
13-06-2022,2022,Junio,America,Gastos,Refresco,"8,000.00",,General,Amistoso
13-06-2022,2022,Junio,America,Gastos,Bonos,"10,800.00",,General,Amistoso
13-06-2022,2022,Junio,America,Gastos,Pago Cerveza,"85,255.00",,General,Amistoso
13-06-2022,2022,Junio,America,Gastos,Cortesias,"124,584.00",,General,Amistoso
13-06-2022,2022,Junio,America,Gastos,Cargo por Servicio,"1,132.00",,General,Amistoso
13-06-2022,2022,Junio,America,Gastos,America Invitacion,"500,000.00",,General,Amistoso
05-07-2022,2022,Julio,Raya2,Gastos,Pago Nomina,"14,550.00",,General,Liga
05-07-2022,2022,Julio,Raya2,Gastos,Pago Mantenimiento Casa Club,"3,000.00",,General,Liga
05-07-2022,2022,Julio,Raya2,Gastos,Servicio de Palcos,"5,624.97",,General,Liga
05-07-2022,2022,Julio,Raya2,Gastos,Ambulancia,"8,120.00",,General,Liga
05-07-2022,2022,Julio,Raya2,Gastos,Seguridad Privada,"29,232.00",,General,Liga
05-07-2022,2022,Julio,Raya2,Gastos,Sonido,"17,864.00",,General,Liga
05-07-2022,2022,Julio,Raya2,Gastos,Sanitizacion,"20,880.00",,General,Liga
05-07-2022,2022,Julio,Raya2,Gastos,Pintura Campo,956.90,,General,Liga
05-07-2022,2022,Julio,Raya2,Gastos,"Papel de Ba単o, Jabon y Focos","2,150.50",,General,Liga
05-07-2022,2022,Julio,Raya2,Gastos,Bolsas,386.16,,General,Liga
05-07-2022,2022,Julio,Raya2,Gastos,Adaptadores Internet a LAP,"1,063.00",,General,Liga
05-07-2022,2022,Julio,Raya2,Gastos,Seguridad Municipal,"12,881.80",,General,Liga
05-07-2022,2022,Julio,Raya2,Gastos,Servicio Boletera,"4,020.00",,General,Liga
05-07-2022,2022,Julio,Raya2,Gastos,Cortesias,"1,046.00",,General,Liga
05-07-2022,2022,Julio,Raya2,Gastos,Impresion de Tarjetas,930.00,,General,Liga
05-07-2022,2022,Julio,Raya2,Gastos,Impresion de Acreditaciones,"2,644.88",,General,Liga
05-07-2022,2022,Julio,Raya2,Gastos,Cordones para gafetes,"1,751.60",,General,Liga
05-07-2022,2022,Julio,Raya2,Gastos,Refresco,"7,770.00",,General,Liga
19-07-2022,2022,Julio,Tlaxcala,Gastos,Pago Nomina,"16,000.00",,General,Liga
19-07-2022,2022,Julio,Tlaxcala,Gastos,Pago de Fotografo,"1,000.00",,General,Liga
19-07-2022,2022,Julio,Tlaxcala,Gastos,Servicio de Palcos,"3,075.50",,General,Liga
19-07-2022,2022,Julio,Tlaxcala,Gastos,Ambulancia,810.00,,General,Liga
19-07-2022,2022,Julio,Tlaxcala,Gastos,Seguridad Privada,"28,536.00",,General,Liga
19-07-2022,2022,Julio,Tlaxcala,Gastos,Sonido,"17,864.00",,General,Liga
19-07-2022,2022,Julio,Tlaxcala,Gastos,Pintura Campo,"1,110.00",,General,Liga
19-07-2022,2022,Julio,Tlaxcala,Gastos,Servicio Boletera,"4,055.00",,General,Liga
19-07-2022,2022,Julio,Tlaxcala,Gastos,Cortesias,"1,352.00",,General,Liga
19-07-2022,2022,Julio,Tlaxcala,Gastos,Impresion de Tarjetas,"1,610.00",,General,Liga
19-07-2022,2022,Julio,Tlaxcala,Gastos,Gasolina,100.00,,General,Liga
19-07-2022,2022,Julio,Tlaxcala,Gastos,Bolsas,386.16,,General,Liga
19-07-2022,2022,Julio,Tlaxcala,Gastos,Seguridad Municipal,"12,881.88",,General,Liga
19-07-2022,2022,Julio,Tlaxcala,Gastos,Enmicado de Gafetes,"1,356.36",,General,Liga
19-07-2022,2022,Julio,Tlaxcala,Gastos,Refresco,"4,335.00",,General,Liga
02-08-2022,2022,Agosto,La Paz,Gastos,Pago Nomina,"15,700.00",,General,Liga
02-08-2022,2022,Agosto,La Paz,Gastos,Servicio de Palcos,"2,927.51",,General,Liga
02-08-2022,2022,Agosto,La Paz,Gastos,Ambulancia,"8,120.00",,General,Liga
02-08-2022,2022,Agosto,La Paz,Gastos,Seguridad Privada,"28,536.00",,General,Liga
02-08-2022,2022,Agosto,La Paz,Gastos,Sonido,"17,864.00",,General,Liga
02-08-2022,2022,Agosto,La Paz,Gastos,Pintura Campo,"1,110.00",,General,Liga
02-08-2022,2022,Agosto,La Paz,Gastos,Servicio Boletera,"3,856.00",,General,Liga
02-08-2022,2022,Agosto,La Paz,Gastos,Cortesias,804.00,,General,Liga
02-08-2022,2022,Agosto,La Paz,Gastos,Impresion de Tarjetas,35.00,,General,Liga
02-08-2022,2022,Agosto,La Paz,Gastos,Gasolina,100.00,,General,Liga
02-08-2022,2022,Agosto,La Paz,Gastos,Bolsas,386.16,,General,Liga
02-08-2022,2022,Agosto,La Paz,Gastos,Seguridad Municipal,"12,881.88",,General,Liga
02-08-2022,2022,Agosto,La Paz,Gastos,Refresco,"4,335.00",,General,Liga
16-08-2022,2022,Agosto,Alebrijes,Gastos,Pago Nomina,"16,300.00",,General,Liga
16-08-2022,2022,Agosto,Alebrijes,Gastos,Servicio de Palcos,"3,100.50",,General,Liga
16-08-2022,2022,Agosto,Alebrijes,Gastos,Ambulancia,"8,120.00",,General,Liga
16-08-2022,2022,Agosto,Alebrijes,Gastos,Seguridad Privada,"28,536.00",,General,Liga
16-08-2022,2022,Agosto,Alebrijes,Gastos,Sonido,"17,864.00",,General,Liga
16-08-2022,2022,Agosto,Alebrijes,Gastos,Pintura Campo,"1,170.00",,General,Liga
16-08-2022,2022,Agosto,Alebrijes,Gastos,Servicio Boletera,"3,550.00",,General,Liga
16-08-2022,2022,Agosto,Alebrijes,Gastos,Cortesias,804.00,,General,Liga
16-08-2022,2022,Agosto,Alebrijes,Gastos,Bolsas,386.16,,General,Liga
16-08-2022,2022,Agosto,Alebrijes,Gastos,Seguridad Municipal,"12,881.88",,General,Liga
16-08-2022,2022,Agosto,Alebrijes,Gastos,Refresco,"3,992.20",,General,Liga
30-08-2022,2022,Agosto,Venados,Gastos,Pago Nomina,"19,300.00",,General,Liga
30-08-2022,2022,Agosto,Venados,Gastos,Servicio de Palcos,"1,574.00",,General,Liga
30-08-2022,2022,Agosto,Venados,Gastos,Mobiliario Zona Tourist Lounge,"3,190.00",,General,Liga
30-08-2022,2022,Agosto,Venados,Gastos,Ambulancia,"8,120.00",,General,Liga
30-08-2022,2022,Agosto,Venados,Gastos,Seguridad Privada,"52,896.00",,General,Liga
30-08-2022,2022,Agosto,Venados,Gastos,Sonido,"21,460.00",,General,Liga
30-08-2022,2022,Agosto,Venados,Gastos,Pintura Campo,"1,170.00",,General,Liga
30-08-2022,2022,Agosto,Venados,Gastos,Servicio Boletera,"3,606.00",,General,Liga
30-08-2022,2022,Agosto,Venados,Gastos,Cortesias,"1,006.00",,General,Liga
30-08-2022,2022,Agosto,Venados,Gastos,Impresion de Tarjetas,70.00,,General,Liga
30-08-2022,2022,Agosto,Venados,Gastos,Bolsas,772.33,,General,Liga
30-08-2022,2022,Agosto,Venados,Gastos,Insumos Iguana Bar,"2,810.96",,General,Liga
30-08-2022,2022,Agosto,Venados,Gastos,Seguridad Municipal,"12,881.88",,General,Liga
30-08-2022,2022,Agosto,Venados,Gastos,Refresco,"3,992.20",,General,Liga
13-09-2022,2022,Septiembre,Celaya,Gastos,Pago Nomina,"16,200.00",,General,Liga
13-09-2022,2022,Septiembre,Celaya,Gastos,Servicio de Palcos,"2,768.00",,General,Liga
13-09-2022,2022,Septiembre,Celaya,Gastos,Ambulancia,"8,120.00",,General,Liga
13-09-2022,2022,Septiembre,Celaya,Gastos,Seguridad Privada,"28,536.00",,General,Liga
13-09-2022,2022,Septiembre,Celaya,Gastos,Sonido,"17,864.00",,General,Liga
13-09-2022,2022,Septiembre,Celaya,Gastos,Pintura Campo,"1,170.00",,General,Liga
13-09-2022,2022,Septiembre,Celaya,Gastos,Servicio Boletera,"2,165.00",,General,Liga
13-09-2022,2022,Septiembre,Celaya,Gastos,Cortesias,"1,000.00",,General,Liga
13-09-2022,2022,Septiembre,Celaya,Gastos,Gasolina,100.00,,General,Liga
13-09-2022,2022,Septiembre,Celaya,Gastos,Bolsas,772.33,,General,Liga
13-09-2022,2022,Septiembre,Celaya,Gastos,Seguridad Municipal,"12,881.88",,General,Liga
13-09-2022,2022,Septiembre,Celaya,Gastos,Refresco,"3,992.20",,General,Liga
25-09-2022,2022,Septiembre,Dorados,Gastos,Pago Nomina,"17,950.00",,General,Liga
25-09-2022,2022,Septiembre,Dorados,Gastos,Servicio de Palcos,"3,736.50",,General,Liga
25-09-2022,2022,Septiembre,Dorados,Gastos,Inflable Activacion Explanada,400.00,,General,Liga
25-09-2022,2022,Septiembre,Dorados,Gastos,Renta Mesas y Sillas Tourist Lounge,"3,190.00",,General,Liga
25-09-2022,2022,Septiembre,Dorados,Gastos,Pago Banda Cancuncito,"3,000.00",,General,Liga
25-09-2022,2022,Septiembre,Dorados,Gastos,Ambulancia,"8,120.00",,General,Liga
25-09-2022,2022,Septiembre,Dorados,Gastos,Seguridad Privada,"28,536.00",,General,Liga
25-09-2022,2022,Septiembre,Dorados,Gastos,Sonido,"17,864.00",,General,Liga
25-09-2022,2022,Septiembre,Dorados,Gastos,Pintura Campo,"1,170.00",,General,Liga
25-09-2022,2022,Septiembre,Dorados,Gastos,Servicio Boletera,970.00,,General,Liga
25-09-2022,2022,Septiembre,Dorados,Gastos,Cortesias,"1,202.00",,General,Liga
25-09-2022,2022,Septiembre,Dorados,Gastos,Gasolina,100.08,,General,Liga
25-09-2022,2022,Septiembre,Dorados,Gastos,Bolsas,183.00,,General,Liga
25-09-2022,2022,Septiembre,Dorados,Gastos,Seguridad Municipal,"12,881.88",,General,Liga
28-09-2022,2022,Septiembre,Durango,Gastos,Pago Nomina,"16,200.00",,General,Liga
28-09-2022,2022,Septiembre,Durango,Gastos,Servicio de Palcos,"2,326.00",,General,Liga
28-09-2022,2022,Septiembre,Durango,Gastos,Ambulancia,"8,120.00",,General,Liga
28-09-2022,2022,Septiembre,Durango,Gastos,Seguridad Privada,"28,536.00",,General,Liga
28-09-2022,2022,Septiembre,Durango,Gastos,Pintura Campo,"1,170.00",,General,Liga
28-09-2022,2022,Septiembre,Durango,Gastos,Servicio Boletera,655.00,,General,Liga
28-09-2022,2022,Septiembre,Durango,Gastos,Cortesias,"1,002.00",,General,Liga
28-09-2022,2022,Septiembre,Durango,Gastos,Gasolina,100.06,,General,Liga
28-09-2022,2022,Septiembre,Durango,Gastos,Bolsas,772.33,,General,Liga
28-09-2022,2022,Septiembre,Durango,Gastos,Seguridad Municipal,"12,881.88",,General,Liga
28-09-2022,2022,Septiembre,Durango,Gastos,Refresco,"3,992.20",,General,Liga
11-10-2022,2022,Octubre,Tepatitlan,Gastos,Pago Nomina,"19,200.00",,General,Liga
11-10-2022,2022,Octubre,Tepatitlan,Gastos,Servicio de Palcos,"2,889.50",,General,Liga
11-10-2022,2022,Octubre,Tepatitlan,Gastos,Musicos Tourist Lounge,"6,000.00",,General,Liga
11-10-2022,2022,Octubre,Tepatitlan,Gastos,Ambulancia,"8,120.00",,General,Liga
11-10-2022,2022,Octubre,Tepatitlan,Gastos,Seguridad Privada,"28,536.00",,General,Liga
11-10-2022,2022,Octubre,Tepatitlan,Gastos,Sonido,"17,864.00",,General,Liga
11-10-2022,2022,Octubre,Tepatitlan,Gastos,Pintura Campo,"1,170.00",,General,Liga
11-10-2022,2022,Octubre,Tepatitlan,Gastos,Servicio Boletera,"1,150.00",,General,Liga
11-10-2022,2022,Octubre,Tepatitlan,Gastos,Cortesias,800.00,,General,Liga
11-10-2022,2022,Octubre,Tepatitlan,Gastos,Gasolina,99.99,,General,Liga
11-10-2022,2022,Octubre,Tepatitlan,Gastos,Bolsas,772.33,,General,Liga
11-10-2022,2022,Octubre,Tepatitlan,Gastos,Seguridad Municipal,"12,881.88",,General,Liga
11-10-2022,2022,Octubre,Tepatitlan,Gastos,Mobiliario Zona Tourist Lounge,"12,000.00",,General,Liga
11-10-2022,2022,Octubre,Tepatitlan,Gastos,Juegos Fiesta Mexicana Tourist Lounge,"8,120.00",,General,Liga
11-10-2022,2022,Octubre,Tepatitlan,Gastos,Mobiliario Musicos Tourist Lounge,"5,220.00",,General,Liga
23-11-2022,2022,Noviembre,Cruz Azul,Gastos,Pago Nomina,"33,300.00",,General,Amistoso
23-11-2022,2022,Noviembre,Cruz Azul,Gastos,Servicio de Palcos,"4,258.00",,General,Amistoso
23-11-2022,2022,Noviembre,Cruz Azul,Gastos,Comision Cruz Azul,"166,909.54",,General,Amistoso
23-11-2022,2022,Noviembre,Cruz Azul,Gastos,Ambulancia,"8,120.00",,General,Amistoso
23-11-2022,2022,Noviembre,Cruz Azul,Gastos,Seguridad Privada,"121,800.00",,General,Amistoso
23-11-2022,2022,Noviembre,Cruz Azul,Gastos,Sonido,"16,240.00",,General,Amistoso
23-11-2022,2022,Noviembre,Cruz Azul,Gastos,Pintura Campo,"1,170.00",,General,Amistoso
23-11-2022,2022,Noviembre,Cruz Azul,Gastos,Servicio Boletera,"35,290.00",,General,Amistoso
23-11-2022,2022,Noviembre,Cruz Azul,Gastos,Cortesias,"2,704.00",,General,Amistoso
23-11-2022,2022,Noviembre,Cruz Azul,Gastos,Anticipo Cruz Azul ,"100,000.00",,General,Amistoso
23-11-2022,2022,Noviembre,Cruz Azul,Gastos,Gasolina,100.02,,General,Amistoso
23-11-2022,2022,Noviembre,Cruz Azul,Gastos,Bolsas,940.38,,General,Amistoso
23-11-2022,2022,Noviembre,Cruz Azul,Gastos,Seguridad Municipal,"16,102.35",,General,Amistoso
23-11-2022,2022,Noviembre,Cruz Azul,Gastos,Vallas,"70,180.00",,General,Amistoso
23-11-2022,2022,Noviembre,Cruz Azul,Gastos,Vasos para Bebidas,"30,160.00",,General,Amistoso
23-11-2022,2022,Noviembre,Cruz Azul,Gastos,Show Maya,"17,400.00",,General,Amistoso
23-11-2022,2022,Noviembre,Cruz Azul,Gastos,Pirotecnia,"19,720.00",,General,Amistoso
23-11-2022,2022,Noviembre,Cruz Azul,Gastos,Espectacular Publicidad,"12,504.80",,General,Amistoso
23-11-2022,2022,Noviembre,Cruz Azul,Gastos,Hospedaje Arbitros,"1,739.02",,General,Amistoso
23-11-2022,2022,Noviembre,Cruz Azul,Gastos,Refresco,"8,299.20",,General,Amistoso
23-11-2022,2022,Noviembre,Cruz Azul,Gastos,Pago Cerveza,"83,007.15",,General,Amistoso
11-12-2022,2022,Diciembre,America,Gastos,Pago Nomina,"39,100.00",,General,Amistoso
11-12-2022,2022,Diciembre,America,Gastos,Servicio de Palcos,"3,569.50",,General,Amistoso
11-12-2022,2022,Diciembre,America,Gastos,Insumos Iguana Bar,196.50,,General,Amistoso
11-12-2022,2022,Diciembre,America,Gastos,Comision America y Monterrey,"629,666.00",,General,Amistoso
11-12-2022,2022,Diciembre,America,Gastos,Ambulancia,"8,120.00",,General,Amistoso
11-12-2022,2022,Diciembre,America,Gastos,Seguridad Privada,"170,520.00",,General,Amistoso
11-12-2022,2022,Diciembre,America,Gastos,Sonido,"16,240.00",,General,Amistoso
11-12-2022,2022,Diciembre,America,Gastos,Pintura Campo,"1,170.00",,General,Amistoso
11-12-2022,2022,Diciembre,America,Gastos,Servicio Boletera,"74,880.00",,General,Amistoso
11-12-2022,2022,Diciembre,America,Gastos,Cortesias,"2,288.00",,General,Amistoso
11-12-2022,2022,Diciembre,America,Gastos,Anticipo America,"50,000.00",,General,Amistoso
11-12-2022,2022,Diciembre,America,Gastos,Gasolina,100.07,,General,Amistoso
11-12-2022,2022,Diciembre,America,Gastos,Bolsas,940.38,,General,Amistoso
11-12-2022,2022,Diciembre,America,Gastos,Seguridad Municipal,"6,440.94",,General,Amistoso
11-12-2022,2022,Diciembre,America,Gastos,Vallas,"79,170.00",,General,Amistoso
11-12-2022,2022,Diciembre,America,Gastos,Boletera Ramiro,"195,000.00",,General,Amistoso
11-12-2022,2022,Diciembre,America,Gastos,Vuelo Arbitros,"15,540.00",,General,Amistoso
11-12-2022,2022,Diciembre,America,Gastos,Espectacular Publicidad,"12,504.80",,General,Amistoso
11-12-2022,2022,Diciembre,America,Gastos,Hospedaje Arbitros,"1,739.02",,General,Amistoso
11-12-2022,2022,Diciembre,America,Gastos,Refresco,"9,883.20",,General,Amistoso
11-01-2023,2023,Enero,UDG,Gastos,Pago Nomina,"16,200.00",,General,Liga
11-01-2023,2023,Enero,UDG,Gastos,Servicio de Palcos,"3,401.00",,General,Liga
11-01-2023,2023,Enero,UDG,Gastos,Ambulancia,"8,120.00",,General,Liga
11-01-2023,2023,Enero,UDG,Gastos,Seguridad Privada,"38,976.00",,General,Liga
11-01-2023,2023,Enero,UDG,Gastos,Sonido,"16,240.00",,General,Liga
11-01-2023,2023,Enero,UDG,Gastos,Pintura Campo,"1,198.00",,General,Liga
11-01-2023,2023,Enero,UDG,Gastos,Cargo por Servicio Taquilla,"4,100.00",,General,Liga
11-01-2023,2023,Enero,UDG,Gastos,Cargo por Servicio Bonocun,700.00,,General,Liga
11-01-2023,2023,Enero,UDG,Gastos,Cortesias,"2,420.00",,General,Liga
11-01-2023,2023,Enero,UDG,Gastos,Gasolina,100.02,,General,Liga
11-01-2023,2023,Enero,UDG,Gastos,Bolsas,772.33,,General,Liga
11-01-2023,2023,Enero,UDG,Gastos,Seguridad Municipal,"6,441.09",,General,Liga
11-01-2023,2023,Enero,UDG,Gastos,Sanitizacion,"30,624.00",,General,Liga
25-01-2023,2023,Enero,Correcaminos,Gastos,Pago Nomina,"16,400.00",,General,Liga
25-01-2023,2023,Enero,Correcaminos,Gastos,Servicio de Palcos,"3,519.00",,General,Liga
25-01-2023,2023,Enero,Correcaminos,Gastos,Ambulancia,"8,120.00",,General,Liga
25-01-2023,2023,Enero,Correcaminos,Gastos,Seguridad Privada,"42,688.00",,General,Liga
25-01-2023,2023,Enero,Correcaminos,Gastos,Sonido,"16,240.00",,General,Liga
25-01-2023,2023,Enero,Correcaminos,Gastos,Pintura Campo,"1,198.00",,General,Liga
25-01-2023,2023,Enero,Correcaminos,Gastos,Cargo por Servicio Taquilla,"3,000.00",,General,Liga
25-01-2023,2023,Enero,Correcaminos,Gastos,Cortesias,"2,782.00",,General,Liga
25-01-2023,2023,Enero,Correcaminos,Gastos,Gasolina,100.02,,General,Liga
25-01-2023,2023,Enero,Correcaminos,Gastos,Bolsas,772.21,,General,Liga
25-01-2023,2023,Enero,Correcaminos,Gastos,Seguridad Municipal,"6,441.09",,General,Liga
25-01-2023,2023,Enero,Correcaminos,Gastos,Refresco,"2,472.00",,General,Liga
07-02-2023,2023,Febrero,Atlante,Gastos,Pago Nomina,"29,950.00",,General,Liga
07-02-2023,2023,Febrero,Atlante,Gastos,Servicio de Palcos,"4,189.00",,General,Liga
07-02-2023,2023,Febrero,Atlante,Gastos,Pago Banda,"4,500.00",,General,Liga
07-02-2023,2023,Febrero,Atlante,Gastos,Ambulancia,"8,120.00",,General,Liga
07-02-2023,2023,Febrero,Atlante,Gastos,Seguridad Privada,"92,800.00",,General,Liga
07-02-2023,2023,Febrero,Atlante,Gastos,Sonido,"16,240.00",,General,Liga
07-02-2023,2023,Febrero,Atlante,Gastos,Pintura Campo,"1,198.00",,General,Liga
07-02-2023,2023,Febrero,Atlante,Gastos,Cargo por Servicio Taquilla,"5,050.00",,General,Liga
07-02-2023,2023,Febrero,Atlante,Gastos,Cortesias,"3,029.00",,General,Liga
07-02-2023,2023,Febrero,Atlante,Gastos,Gasolina,100.02,,General,Liga
07-02-2023,2023,Febrero,Atlante,Gastos,Bolsas,772.21,,General,Liga
07-02-2023,2023,Febrero,Atlante,Gastos,Seguridad Municipal,"24,305.44",,General,Liga
07-02-2023,2023,Febrero,Atlante,Gastos,Refresco,"5,484.00",,General,Liga
01-03-2023,2023,Marzo,Morelia,Gastos,Pago Nomina,"17,300.00",,General,Liga
01-03-2023,2023,Marzo,Morelia,Gastos,Servicio de Palcos,"3,742.00",,General,Liga
01-03-2023,2023,Marzo,Morelia,Gastos,Ambulancia,"8,120.00",,General,Liga
01-03-2023,2023,Marzo,Morelia,Gastos,Seguridad Privada,"41,760.00",,General,Liga
01-03-2023,2023,Marzo,Morelia,Gastos,Sonido,"16,240.00",,General,Liga
01-03-2023,2023,Marzo,Morelia,Gastos,Pintura Campo,"1,198.00",,General,Liga
01-03-2023,2023,Marzo,Morelia,Gastos,Cargo por Servicio Taquilla,"3,400.00",,General,Liga
01-03-2023,2023,Marzo,Morelia,Gastos,Cortesias,"2,332.00",,General,Liga
01-03-2023,2023,Marzo,Morelia,Gastos,Gasolina,100.02,,General,Liga
01-03-2023,2023,Marzo,Morelia,Gastos,Bolsas,772.21,,General,Liga
01-03-2023,2023,Marzo,Morelia,Gastos,Seguridad Municipal,"6,944.30",,General,Liga
01-03-2023,2023,Marzo,Morelia,Gastos,Refresco,"2,472.00",,General,Liga
16-03-2023,2023,Marzo,Mineros,Gastos,Pago Nomina,"17,300.00",,General,Liga
16-03-2023,2023,Marzo,Mineros,Gastos,Pago Banda,"4,000.00",,General,Liga
16-03-2023,2023,Marzo,Mineros,Gastos,Servicio de Palcos,"4,450.00",,General,Liga
16-03-2023,2023,Marzo,Mineros,Gastos,Ambulancia,"8,120.00",,General,Liga
16-03-2023,2023,Marzo,Mineros,Gastos,Seguridad Privada,"41,760.00",,General,Liga
16-03-2023,2023,Marzo,Mineros,Gastos,Sonido,"16,240.00",,General,Liga
16-03-2023,2023,Marzo,Mineros,Gastos,Pintura Campo,999.00,,General,Liga
16-03-2023,2023,Marzo,Mineros,Gastos,Cargo por Servicio Taquilla,"2,860.00",,General,Liga
16-03-2023,2023,Marzo,Mineros,Gastos,Cortesias,"2,654.00",,General,Liga
16-03-2023,2023,Marzo,Mineros,Gastos,Gasolina,100.04,,General,Liga
16-03-2023,2023,Marzo,Mineros,Gastos,Bolsas,772.21,,General,Liga
16-03-2023,2023,Marzo,Mineros,Gastos,Seguridad Municipal,"6,944.41",,General,Liga
16-03-2023,2023,Marzo,Mineros,Gastos,Refresco,"2,472.00",,General,Liga
24-03-2023,2023,Marzo,Cimarrones,Gastos,Pago Nomina,"18,850.00",,General,Liga
24-03-2023,2023,Marzo,Cimarrones,Gastos,Pago Banda,"4,000.00",,General,Liga
24-03-2023,2023,Marzo,Cimarrones,Gastos,Servicio de Palcos,"4,310.00",,General,Liga
24-03-2023,2023,Marzo,Cimarrones,Gastos,Ambulancia,"8,120.00",,General,Liga
24-03-2023,2023,Marzo,Cimarrones,Gastos,Seguridad Privada,"55,680.00",,General,Liga
24-03-2023,2023,Marzo,Cimarrones,Gastos,Sonido,"16,240.00",,General,Liga
24-03-2023,2023,Marzo,Cimarrones,Gastos,Pintura Campo,999.00,,General,Liga
24-03-2023,2023,Marzo,Cimarrones,Gastos,Cargo por Servicio Taquilla,"1,930.00",,General,Liga
24-03-2023,2023,Marzo,Cimarrones,Gastos,Cortesias,"1,916.00",,General,Liga
24-03-2023,2023,Marzo,Cimarrones,Gastos,Gasolina,100.04,,General,Liga
24-03-2023,2023,Marzo,Cimarrones,Gastos,Bolsas,772.21,,General,Liga
24-03-2023,2023,Marzo,Cimarrones,Gastos,Seguridad Municipal,"6,944.41",,General,Liga
24-03-2023,2023,Marzo,Cimarrones,Gastos,Refresco,"3,708.00",,General,Liga
29-03-2023,2023,Marzo,Tapatio,Gastos,Pago Nomina,"18,850.00",,General,Liga
29-03-2023,2023,Marzo,Tapatio,Gastos,Pago Banda,"4,000.00",,General,Liga
29-03-2023,2023,Marzo,Tapatio,Gastos,Servicio de Palcos,"4,394.50",,General,Liga
29-03-2023,2023,Marzo,Tapatio,Gastos,Ambulancia,"8,120.00",,General,Liga
29-03-2023,2023,Marzo,Tapatio,Gastos,Seguridad Privada,"46,400.00",,General,Liga
29-03-2023,2023,Marzo,Tapatio,Gastos,Sonido,"16,240.00",,General,Liga
29-03-2023,2023,Marzo,Tapatio,Gastos,Pintura Campo,999.00,,General,Liga
29-03-2023,2023,Marzo,Tapatio,Gastos,Cargo por Servicio Taquilla,"5,505.00",,General,Liga
29-03-2023,2023,Marzo,Tapatio,Gastos,Cortesias,"2,903.00",,General,Liga
29-03-2023,2023,Marzo,Tapatio,Gastos,Gasolina,99.97,,General,Liga
29-03-2023,2023,Marzo,Tapatio,Gastos,Bolsas,772.21,,General,Liga
29-03-2023,2023,Marzo,Tapatio,Gastos,Seguridad Municipal,"6,944.41",,General,Liga
29-03-2023,2023,Marzo,Tapatio,Gastos,Refresco,"3,012.00",,General,Liga
11-04-2023,2023,Abril,Pumas Tabasco,Gastos,Pago Nomina,"19,150.00",,General,Liga
11-04-2023,2023,Abril,Pumas Tabasco,Gastos,Pago Banda,"4,000.00",,General,Liga
11-04-2023,2023,Abril,Pumas Tabasco,Gastos,Servicio de Palcos,"4,690.50",,General,Liga
11-04-2023,2023,Abril,Pumas Tabasco,Gastos,Pago Comision Bebidas Clip,318.00,,General,Liga
11-04-2023,2023,Abril,Pumas Tabasco,Gastos,Ambulancia,"8,120.00",,General,Liga
11-04-2023,2023,Abril,Pumas Tabasco,Gastos,Seguridad Privada,"55,680.00",,General,Liga
11-04-2023,2023,Abril,Pumas Tabasco,Gastos,Sonido,"16,240.00",,General,Liga
11-04-2023,2023,Abril,Pumas Tabasco,Gastos,Pintura Campo,999.00,,General,Liga
11-04-2023,2023,Abril,Pumas Tabasco,Gastos,Cargo por Servicio Taquilla,"8,485.00",,General,Liga
11-04-2023,2023,Abril,Pumas Tabasco,Gastos,Cortesias,"2,467.00",,General,Liga
11-04-2023,2023,Abril,Pumas Tabasco,Gastos,Bolsas,772.21,,General,Liga
11-04-2023,2023,Abril,Pumas Tabasco,Gastos,Seguridad Municipal,"13,888.82",,General,Liga
11-04-2023,2023,Abril,Pumas Tabasco,Gastos,Refresco,"3,012.00",,General,Liga
29-07-2023,2023,Julio,Venados,Gastos,Pago Nomina,"20,900.00",,General,Liga
29-07-2023,2023,Julio,Venados,Gastos,Pago Banda,"3,500.00",,General,Liga
29-07-2023,2023,Julio,Venados,Gastos,Servicio de Palcos,"4,675.50",,General,Liga
29-07-2023,2023,Julio,Venados,Gastos,Gastos Tourist Lounge,"10,800.00",,General,Liga
29-07-2023,2023,Julio,Venados,Gastos,Pago Pipa Jacuzzi y Cisternas,"2,000.00",,General,Liga
29-07-2023,2023,Julio,Venados,Gastos,Ambulancia,"8,120.00",,General,Liga
29-07-2023,2023,Julio,Venados,Gastos,Seguridad Privada,"111,360.00",,General,Liga
29-07-2023,2023,Julio,Venados,Gastos,Sonido,"20,880.00",,General,Liga
29-07-2023,2023,Julio,Venados,Gastos,Gastos Tourist,"10,096.00",,General,Liga
29-07-2023,2023,Julio,Venados,Gastos,Pintura Campo,"1,270.00",,General,Liga
29-07-2023,2023,Julio,Venados,Gastos,Cargo por Servicio Taquilla,"5,585.00",,General,Liga
29-07-2023,2023,Julio,Venados,Gastos,Cortesias,"2,021.00",,General,Liga
29-07-2023,2023,Julio,Venados,Gastos,Gasolina,100.00,,General,Liga
29-07-2023,2023,Julio,Venados,Gastos,Bolsas,772.21,,General,Liga
29-07-2023,2023,Julio,Venados,Gastos,Seguridad Municipal,"1,599.13",,General,Liga
29-07-2023,2023,Julio,Venados,Gastos,Refresco,"8,625.00",,General,Liga
29-07-2023,2023,Julio,Venados,Gastos,Hielo,"12,975.00",,General,Liga
29-07-2023,2023,Julio,Venados,Gastos,Pago Nomina,"10,800.00",,Tourist Lounge,Liga
29-07-2023,2023,Julio,Venados,Gastos,Hieleras,"2,962.00",,Tourist Lounge,Liga
29-07-2023,2023,Julio,Venados,Gastos,Gastos Generales OFIX,"1,006.21",,Tourist Lounge,Liga
29-07-2023,2023,Julio,Venados,Gastos,Insumos Soriana,546.80,,Tourist Lounge,Liga
29-07-2023,2023,Julio,Venados,Gastos,Gasolina,200.00,,Tourist Lounge,Liga
29-07-2023,2023,Julio,Venados,Gastos,Cortesias,391.00,,Tourist Lounge,Liga
29-07-2023,2023,Julio,Venados,Gastos,Pago DJ y Audio,"5,800.00",,Tourist Lounge,Liga
05-08-2023,2023,Agosto,Correcaminos,Gastos,Pago Nomina,"22,000.00",,General,Liga
05-08-2023,2023,Agosto,Correcaminos,Gastos,Pago Banda,"3,500.00",,General,Liga
05-08-2023,2023,Agosto,Correcaminos,Gastos,Servicio de Palcos,"4,690.50",,General,Liga
05-08-2023,2023,Agosto,Correcaminos,Gastos,Ambulancia,"8,120.00",,General,Liga
05-08-2023,2023,Agosto,Correcaminos,Gastos,Seguridad Privada,"102,080.00",,General,Liga
05-08-2023,2023,Agosto,Correcaminos,Gastos,Sonido,"20,880.00",,General,Liga
05-08-2023,2023,Agosto,Correcaminos,Gastos,Pirotecnia,"18,560.00",,General,Liga
05-08-2023,2023,Agosto,Correcaminos,Gastos,Pintura Campo,"1,270.00",,General,Liga
05-08-2023,2023,Agosto,Correcaminos,Gastos,Cargo por Servicio Taquilla,"6,055.00",,General,Liga
05-08-2023,2023,Agosto,Correcaminos,Gastos,Cortesias,"1,563.00",,General,Liga
05-08-2023,2023,Agosto,Correcaminos,Gastos,Gasolina,100.08,,General,Liga
05-08-2023,2023,Agosto,Correcaminos,Gastos,Bolsas,772.21,,General,Liga
05-08-2023,2023,Agosto,Correcaminos,Gastos,Seguridad Municipal,"15,900.13",,General,Liga
05-08-2023,2023,Agosto,Correcaminos,Gastos,Refresco,"3,858.00",,General,Liga
05-08-2023,2023,Agosto,Correcaminos,Gastos,Hielo,"11,175.00",,General,Liga
05-08-2023,2023,Agosto,Correcaminos,Gastos,Pago Nomina,"11,500.00",,Tourist Lounge,Liga
05-08-2023,2023,Agosto,Correcaminos,Gastos,Pago DJ y Audio,"5,800.00",,Tourist Lounge,Liga
05-08-2023,2023,Agosto,Correcaminos,Gastos,Gastos Generales OFIX,"1,028.71",,Tourist Lounge,Liga
05-08-2023,2023,Agosto,Correcaminos,Gastos,Insumos Soriana,"1,619.25",,Tourist Lounge,Liga
05-08-2023,2023,Agosto,Correcaminos,Gastos,Insumos Walmart,"1,550.00",,Tourist Lounge,Liga
05-08-2023,2023,Agosto,Correcaminos,Gastos,Brazaletes,"4,674.80",,Tourist Lounge,Liga
05-08-2023,2023,Agosto,Correcaminos,Gastos,Gasolina,200.00,,Tourist Lounge,Liga
19-08-2023,2023,Agosto,Morelia,Gastos,Pago Nomina,"23,700.00",,General,Liga
19-08-2023,2023,Agosto,Morelia,Gastos,Pago Banda,"3,500.00",,General,Liga
19-08-2023,2023,Agosto,Morelia,Gastos,Servicio de Palcos,"1,009.00",,General,Liga
19-08-2023,2023,Agosto,Morelia,Gastos,Ambulancia,"8,120.00",,General,Liga
19-08-2023,2023,Agosto,Morelia,Gastos,Seguridad Privada,"102,080.00",,General,Liga
19-08-2023,2023,Agosto,Morelia,Gastos,Sonido,"20,880.00",,General,Liga
19-08-2023,2023,Agosto,Morelia,Gastos,Pirotecnia,"18,560.00",,General,Liga
19-08-2023,2023,Agosto,Morelia,Gastos,Pintura Campo,"1,270.00",,General,Liga
19-08-2023,2023,Agosto,Morelia,Gastos,Cargo por Servicio Taquilla,"7,625.00",,General,Liga
19-08-2023,2023,Agosto,Morelia,Gastos,Cortesias,"2,282.00",,General,Liga
19-08-2023,2023,Agosto,Morelia,Gastos,Gasolina,99.93,,General,Liga
19-08-2023,2023,Agosto,Morelia,Gastos,Bolsas,772.21,,General,Liga
19-08-2023,2023,Agosto,Morelia,Gastos,Seguridad Municipal,"7,950.06",,General,Liga
19-08-2023,2023,Agosto,Morelia,Gastos,Refresco,"6,568.50",,General,Liga
19-08-2023,2023,Agosto,Morelia,Gastos,Hielo,"12,975.00",,General,Liga
19-08-2023,2023,Agosto,Morelia,Gastos,Pago Nomina,"10,600.00",,Tourist Lounge,Liga
19-08-2023,2023,Agosto,Morelia,Gastos,Pago DJ y Audio,"5,104.00",,Tourist Lounge,Liga
19-08-2023,2023,Agosto,Morelia,Gastos,Gastos Generales OFIX,262.40,,Tourist Lounge,Liga
19-08-2023,2023,Agosto,Morelia,Gastos,Insumos Costco,157.34,,Tourist Lounge,Liga
19-08-2023,2023,Agosto,Morelia,Gastos,Insumos Walmart,703.00,,Tourist Lounge,Liga
06-09-2023,2023,Septiembre,Tlaxcala,Gastos,Pago Nomina,"22,200.00",,General,Liga
06-09-2023,2023,Septiembre,Tlaxcala,Gastos,Pago Banda,"3,500.00",,General,Liga
06-09-2023,2023,Septiembre,Tlaxcala,Gastos,Servicio de Palcos,"1,023.00",,General,Liga
06-09-2023,2023,Septiembre,Tlaxcala,Gastos,Ambulancia,"8,120.00",,General,Liga
06-09-2023,2023,Septiembre,Tlaxcala,Gastos,Seguridad Privada,"64,960.00",,General,Liga
06-09-2023,2023,Septiembre,Tlaxcala,Gastos,Sonido,"20,880.00",,General,Liga
06-09-2023,2023,Septiembre,Tlaxcala,Gastos,Pintura Campo,"1,270.00",,General,Liga
06-09-2023,2023,Septiembre,Tlaxcala,Gastos,Cargo por Servicio Taquilla,"4,995.00",,General,Liga
06-09-2023,2023,Septiembre,Tlaxcala,Gastos,Cortesias,"2,271.00",,General,Liga
06-09-2023,2023,Septiembre,Tlaxcala,Gastos,Gasolina,100.16,,General,Liga
06-09-2023,2023,Septiembre,Tlaxcala,Gastos,Bolsas,772.21,,General,Liga
06-09-2023,2023,Septiembre,Tlaxcala,Gastos,Seguridad Municipal,"7,950.06",,General,Liga
06-09-2023,2023,Septiembre,Tlaxcala,Gastos,Refresco,"2,669.90",,General,Liga
06-09-2023,2023,Septiembre,Tlaxcala,Gastos,Hielo,"7,475.00",,General,Liga
19-09-2023,2023,Septiembre,Cimarrones,Gastos,Pago Nomina,"21,200.00",,General,Liga
19-09-2023,2023,Septiembre,Cimarrones,Gastos,Pago Banda,"3,500.00",,General,Liga
19-09-2023,2023,Septiembre,Cimarrones,Gastos,Servicio de Palcos,"1,000.00",,General,Liga
19-09-2023,2023,Septiembre,Cimarrones,Gastos,Ambulancia,"8,120.00",,General,Liga
19-09-2023,2023,Septiembre,Cimarrones,Gastos,Seguridad Privada,"64,960.00",,General,Liga
19-09-2023,2023,Septiembre,Cimarrones,Gastos,Sonido,"20,880.00",,General,Liga
19-09-2023,2023,Septiembre,Cimarrones,Gastos,Pintura Campo,"1,270.00",,General,Liga
19-09-2023,2023,Septiembre,Cimarrones,Gastos,Cargo por Servicio Taquilla,"1,960.00",,General,Liga
19-09-2023,2023,Septiembre,Cimarrones,Gastos,Cortesias,"1,990.00",,General,Liga
19-09-2023,2023,Septiembre,Cimarrones,Gastos,Gasolina,100.00,,General,Liga
19-09-2023,2023,Septiembre,Cimarrones,Gastos,Bolsas,772.21,,General,Liga
19-09-2023,2023,Septiembre,Cimarrones,Gastos,Seguridad Municipal,"7,950.06",,General,Liga
19-09-2023,2023,Septiembre,Cimarrones,Gastos,Refresco,"2,669.90",,General,Liga
19-09-2023,2023,Septiembre,Cimarrones,Gastos,Hielo,"8,425.00",,General,Liga
05-10-2023,2023,Octubre,UDG,Gastos,Pago Nomina,"20,850.00",,General,Liga
05-10-2023,2023,Octubre,UDG,Gastos,Pago Banda,"3,500.00",,General,Liga
05-10-2023,2023,Octubre,UDG,Gastos,Servicio de Palcos,"1,685.49",,General,Liga
05-10-2023,2023,Octubre,UDG,Gastos,Ambulancia,"8,120.00",,General,Liga
05-10-2023,2023,Octubre,UDG,Gastos,Seguridad Privada,"64,960.00",,General,Liga
05-10-2023,2023,Octubre,UDG,Gastos,Sonido,"20,880.00",,General,Liga
05-10-2023,2023,Octubre,UDG,Gastos,Pintura Campo,"1,270.00",,General,Liga
05-10-2023,2023,Octubre,UDG,Gastos,Cargo por Servicio Taquilla,"4,975.00",,General,Liga
05-10-2023,2023,Octubre,UDG,Gastos,Cortesias,"2,208.00",,General,Liga
05-10-2023,2023,Octubre,UDG,Gastos,Gasolina,99.98,,General,Liga
05-10-2023,2023,Octubre,UDG,Gastos,Bolsas,772.21,,General,Liga
05-10-2023,2023,Octubre,UDG,Gastos,Seguridad Municipal,"7,950.06",,General,Liga
05-10-2023,2023,Octubre,UDG,Gastos,Hielo,"7,975.00",,General,Liga
01-11-2023,2023,Noviembre,Mineros,Gastos,Pago Nomina,"20,250.00",,General,Liga
01-11-2023,2023,Noviembre,Mineros,Gastos,Pago Banda,"3,500.00",,General,Liga
01-11-2023,2023,Noviembre,Mineros,Gastos,Servicio de Palcos,"1,400.00",,General,Liga
01-11-2023,2023,Noviembre,Mineros,Gastos,Ambulancia,"8,120.00",,General,Liga
01-11-2023,2023,Noviembre,Mineros,Gastos,Seguridad Privada,"102,080.00",,General,Liga
01-11-2023,2023,Noviembre,Mineros,Gastos,Sonido,"27,840.00",,General,Liga
01-11-2023,2023,Noviembre,Mineros,Gastos,Pintura Campo,"1,270.00",,General,Liga
01-11-2023,2023,Noviembre,Mineros,Gastos,Cargo por Servicio Taquilla,"2,900.00",,General,Liga
01-11-2023,2023,Noviembre,Mineros,Gastos,Cortesias,"1,860.00",,General,Liga
01-11-2023,2023,Noviembre,Mineros,Gastos,Gasolina,100.00,,General,Liga
01-11-2023,2023,Noviembre,Mineros,Gastos,Bolsas,772.21,,General,Liga
01-11-2023,2023,Noviembre,Mineros,Gastos,Seguridad Municipal,"7,950.06",,General,Liga
19-11-2023,2023,Noviembre,Venados,Gastos,Pago Nomina,"23,350.00",,General,Liga
19-11-2023,2023,Noviembre,Venados,Gastos,Pago Banda,"3,500.00",,General,Liga
19-11-2023,2023,Noviembre,Venados,Gastos,Servicio de Palcos,"1,471.49",,General,Liga
19-11-2023,2023,Noviembre,Venados,Gastos,Pirotecnia,"18,560.00",,General,Liga
19-11-2023,2023,Noviembre,Venados,Gastos,Ambulancia,"8,120.00",,General,Liga
19-11-2023,2023,Noviembre,Venados,Gastos,Seguridad Privada,"139,200.00",,General,Liga
19-11-2023,2023,Noviembre,Venados,Gastos,Sonido,"20,880.00",,General,Liga
19-11-2023,2023,Noviembre,Venados,Gastos,Pintura Campo,949.01,,General,Liga
19-11-2023,2023,Noviembre,Venados,Gastos,Cargo por Servicio Taquilla,"27,363.00",,General,Liga
19-11-2023,2023,Noviembre,Venados,Gastos,Cortesias,"2,947.00",,General,Liga
19-11-2023,2023,Noviembre,Venados,Gastos,Gasolina,100.00,,General,Liga
19-11-2023,2023,Noviembre,Venados,Gastos,Bolsas,772.21,,General,Liga
19-11-2023,2023,Noviembre,Venados,Gastos,Seguridad Municipal,"11,925.10",,General,Liga
26-11-2023,2023,Noviembre,Mineros,Gastos,Pago Nomina,"27,000.00",,General,Liga
26-11-2023,2023,Noviembre,Mineros,Gastos,Servicio de Palcos,"1,194.49",,General,Liga
26-11-2023,2023,Noviembre,Mineros,Gastos,Pirotecnia y Ca単ones de Humo,"36,308.00",,General,Liga
26-11-2023,2023,Noviembre,Mineros,Gastos,Ambulancia,"8,120.00",,General,Liga
26-11-2023,2023,Noviembre,Mineros,Gastos,Seguridad Privada,"185,600.00",,General,Liga
26-11-2023,2023,Noviembre,Mineros,Gastos,Sonido,"35,960.00",,General,Liga
26-11-2023,2023,Noviembre,Mineros,Gastos,Pintura Campo,"1,094.83",,General,Liga
26-11-2023,2023,Noviembre,Mineros,Gastos,Cargo por Servicio Taquilla,"41,736.00",,General,Liga
26-11-2023,2023,Noviembre,Mineros,Gastos,Cortesias,"3,468.00",,General,Liga
26-11-2023,2023,Noviembre,Mineros,Gastos,Gasolina,100.00,,General,Liga
26-11-2023,2023,Noviembre,Mineros,Gastos,Bolsas,"1,544.42",,General,Liga
26-11-2023,2023,Noviembre,Mineros,Gastos,Seguridad Municipal,"11,925.10",,General,Liga
26-11-2023,2023,Noviembre,Mineros,Gastos,Compra Vasos,"19,720.00",,General,Liga
03-12-2023,2023,Diciembre,Atlante,Gastos,Pago Nomina,"40,550.00",,General,Liga
03-12-2023,2023,Diciembre,Atlante,Gastos,Servicio de Palcos,"3,000.00",,General,Liga
03-12-2023,2023,Diciembre,Atlante,Gastos,Pirotecnia y Ca単ones de Humo,"93,734.96",,General,Liga
03-12-2023,2023,Diciembre,Atlante,Gastos,Ambulancia,"16,240.00",,General,Liga
03-12-2023,2023,Diciembre,Atlante,Gastos,Seguridad Privada,"464,000.00",,General,Liga
03-12-2023,2023,Diciembre,Atlante,Gastos,Sonido,"49,880.00",,General,Liga
03-12-2023,2023,Diciembre,Atlante,Gastos,Pintura Campo,"1,094.83",,General,Liga
03-12-2023,2023,Diciembre,Atlante,Gastos,Cargo por Servicio Taquilla,"68,172.00",,General,Liga
03-12-2023,2023,Diciembre,Atlante,Gastos,Cortesias,"6,433.00",,General,Liga
03-12-2023,2023,Diciembre,Atlante,Gastos,Gasolina,100.00,,General,Liga
03-12-2023,2023,Diciembre,Atlante,Gastos,Bolsas,"2,138.11",,General,Liga
03-12-2023,2023,Diciembre,Atlante,Gastos,Seguridad Municipal,"15,900.13",,General,Liga
03-12-2023,2023,Diciembre,Atlante,Gastos,Refresco,"14,295.00",,General,Liga
03-12-2023,2023,Diciembre,Atlante,Gastos,Pago Cerveza,"76,349.47",,General,Liga
03-12-2023,2023,Diciembre,Atlante,Gastos,Comisiones Bancarias ,"8,303.28",,General,Liga
03-12-2023,2023,Diciembre,Atlante,Gastos,Pago Minipalcos Depositados,"33,000.00",,General,Liga
16-01-2024,2024,Enero,Alebrijes,Gastos,Pago Nomina,"24,500.00",,General,Liga
16-01-2024,2024,Enero,Alebrijes,Gastos,Servicio de Palcos,"1,300.00",,General,Liga
16-01-2024,2024,Enero,Alebrijes,Gastos,Pago Traslado Tatuador,"3,500.00",,General,Liga
16-01-2024,2024,Enero,Alebrijes,Gastos,Pirotecnia,"17,770.00",,General,Liga
16-01-2024,2024,Enero,Alebrijes,Gastos,Ambulancia,"8,120.00",,General,Liga
16-01-2024,2024,Enero,Alebrijes,Gastos,Seguridad Privada,"74,240.00",,General,Liga
16-01-2024,2024,Enero,Alebrijes,Gastos,Sonido,"26,680.00",,General,Liga
16-01-2024,2024,Enero,Alebrijes,Gastos,Pintura Campo,"1,905.00",,General,Liga
16-01-2024,2024,Enero,Alebrijes,Gastos,Cargo por Servicio Taquilla,"18,624.75",,General,Liga
16-01-2024,2024,Enero,Alebrijes,Gastos,Cortesias,"4,052.00",,General,Liga
16-01-2024,2024,Enero,Alebrijes,Gastos,Bolsas,772.21,,General,Liga
16-01-2024,2024,Enero,Alebrijes,Gastos,Seguridad Municipal,"7,950.06",,General,Liga
16-01-2024,2024,Enero,Alebrijes,Gastos,Refresco,"12,918.00",,General,Liga
25-01-2024,2024,Enero,Atlante,Gastos,Pago Nomina,"28,150.00",,General,Liga
25-01-2024,2024,Enero,Atlante,Gastos,Servicio de Palcos,"2,000.00",,General,Liga
25-01-2024,2024,Enero,Atlante,Gastos,Pago Banda,"3,500.00",,General,Liga
25-01-2024,2024,Enero,Atlante,Gastos,Pirotecnia,"17,770.00",,General,Liga
25-01-2024,2024,Enero,Atlante,Gastos,Ambulancia,"8,032.50",,General,Liga
25-01-2024,2024,Enero,Atlante,Gastos,Seguridad Privada,"111,360.00",,General,Liga
25-01-2024,2024,Enero,Atlante,Gastos,Sonido,"28,420.00",,General,Liga
25-01-2024,2024,Enero,Atlante,Gastos,Pintura Campo,"1,905.00",,General,Liga
25-01-2024,2024,Enero,Atlante,Gastos,Cargo por Servicio Taquilla,"14,256.00",,General,Liga
25-01-2024,2024,Enero,Atlante,Gastos,Cortesias,"3,406.00",,General,Liga
25-01-2024,2024,Enero,Atlante,Gastos,Bolsas,772.21,,General,Liga
25-01-2024,2024,Enero,Atlante,Gastos,Seguridad Municipal,"15,900.13",,General,Liga
13-02-2024,2024,Febrero,Celaya,Gastos,Pago Nomina,"23,550.00",,General,Liga
13-02-2024,2024,Febrero,Celaya,Gastos,Servicio de Palcos,"1,000.00",,General,Liga
13-02-2024,2024,Febrero,Celaya,Gastos,Pago Banda,"3,500.00",,General,Liga
13-02-2024,2024,Febrero,Celaya,Gastos,Ambulancia,"8,032.50",,General,Liga
13-02-2024,2024,Febrero,Celaya,Gastos,Seguridad Privada,"74,240.00",,General,Liga
13-02-2024,2024,Febrero,Celaya,Gastos,Sonido,"28,420.00",,General,Liga
13-02-2024,2024,Febrero,Celaya,Gastos,Pintura Campo,"1,905.00",,General,Liga
13-02-2024,2024,Febrero,Celaya,Gastos,Cargo por Servicio Taquilla,"5,742.75",,General,Liga
13-02-2024,2024,Febrero,Celaya,Gastos,Cortesias,"3,160.00",,General,Liga
13-02-2024,2024,Febrero,Celaya,Gastos,Bolsas,"1,015.05",,General,Liga
13-02-2024,2024,Febrero,Celaya,Gastos,Seguridad Municipal,"8,320.20",,General,Liga
13-02-2024,2024,Febrero,Celaya,Gastos,Refresco,"3,360.00",,General,Liga
02-03-2024,2024,Marzo,La Paz,Gastos,Pago Nomina,"24,150.00",,General,Liga
02-03-2024,2024,Marzo,La Paz,Gastos,Servicio de Palcos,"1,300.00",,General,Liga
02-03-2024,2024,Marzo,La Paz,Gastos,Pago Banda,"5,000.00",,General,Liga
02-03-2024,2024,Marzo,La Paz,Gastos,Ambulancia,"8,032.50",,General,Liga
02-03-2024,2024,Marzo,La Paz,Gastos,Seguridad Privada,"60,320.00",,General,Liga
02-03-2024,2024,Marzo,La Paz,Gastos,Sonido,"28,420.00",,General,Liga
02-03-2024,2024,Marzo,La Paz,Gastos,Pintura Campo,"1,590.00",,General,Liga
02-03-2024,2024,Marzo,La Paz,Gastos,Pirotecnica,"6,550.00",,General,Liga
02-03-2024,2024,Marzo,La Paz,Gastos,Cargo por Servicio Taquilla,"5,852.25",,General,Liga
02-03-2024,2024,Marzo,La Paz,Gastos,Cortesias,"3,075.00",,General,Liga
02-03-2024,2024,Marzo,La Paz,Gastos,Bolsas,672.00,,General,Liga
02-03-2024,2024,Marzo,La Paz,Gastos,Seguridad Municipal,"8,320.20",,General,Liga
02-03-2024,2024,Marzo,La Paz,Gastos,Refresco,"3,336.00",,General,Liga
19-03-2024,2024,Marzo,Tepatitlan,Gastos,Pago Nomina,"22,450.00",,General,Liga
19-03-2024,2024,Marzo,Tepatitlan,Gastos,Servicio de Palcos,"1,840.00",,General,Liga
19-03-2024,2024,Marzo,Tepatitlan,Gastos,Ambulancia,"8,032.50",,General,Liga
19-03-2024,2024,Marzo,Tepatitlan,Gastos,Seguridad Privada,"46,400.00",,General,Liga
19-03-2024,2024,Marzo,Tepatitlan,Gastos,Sonido,"28,420.00",,General,Liga
19-03-2024,2024,Marzo,Tepatitlan,Gastos,Pintura Campo,"1,590.00",,General,Liga
19-03-2024,2024,Marzo,Tepatitlan,Gastos,Cargo por Servicio Taquilla,"3,561.00",,General,Liga
19-03-2024,2024,Marzo,Tepatitlan,Gastos,Cortesias,"3,284.00",,General,Liga
19-03-2024,2024,Marzo,Tepatitlan,Gastos,Bolsas,952.28,,General,Liga
19-03-2024,2024,Marzo,Tepatitlan,Gastos,Seguridad Municipal,"8,320.20",,General,Liga
19-03-2024,2024,Marzo,Tepatitlan,Gastos,Refresco,"4,228.80",,General,Liga
26-03-2024,2024,Marzo,Tapatio,Gastos,Pago Nomina,"22,650.00",,General,Liga
26-03-2024,2024,Marzo,Tapatio,Gastos,Servicio de Palcos,"1,840.00",,General,Liga
26-03-2024,2024,Marzo,Tapatio,Gastos,Pago Mariachis,"5,000.00",,General,Liga
26-03-2024,2024,Marzo,Tapatio,Gastos,Pago Alimentos Bailarines,950.00,,General,Liga
26-03-2024,2024,Marzo,Tapatio,Gastos,Ambulancia,"8,032.50",,General,Liga
26-03-2024,2024,Marzo,Tapatio,Gastos,Seguridad Privada,"46,400.00",,General,Liga
26-03-2024,2024,Marzo,Tapatio,Gastos,Sonido,"28,420.00",,General,Liga
26-03-2024,2024,Marzo,Tapatio,Gastos,Pintura Campo,"1,590.00",,General,Liga
26-03-2024,2024,Marzo,Tapatio,Gastos,Cargo por Servicio Taquilla,"12,790.50",,General,Liga
26-03-2024,2024,Marzo,Tapatio,Gastos,Cortesias,"3,079.00",,General,Liga
26-03-2024,2024,Marzo,Tapatio,Gastos,Bolsas,"1,524.20",,General,Liga
26-03-2024,2024,Marzo,Tapatio,Gastos,Seguridad Municipal,"8,320.20",,General,Liga
26-03-2024,2024,Marzo,Tapatio,Gastos,Refresco,"4,290.00",,General,Liga
09-04-2024,2024,Abril,Dorados,Gastos,Pago Nomina,"23,450.00",,General,Liga
09-04-2024,2024,Abril,Dorados,Gastos,Servicio de Palcos,"1,840.00",,General,Liga
09-04-2024,2024,Abril,Dorados,Gastos,Pago Banda,"3,500.00",,General,Liga
09-04-2024,2024,Abril,Dorados,Gastos,Ambulancia,"8,032.50",,General,Liga
09-04-2024,2024,Abril,Dorados,Gastos,Seguridad Privada,"46,400.00",,General,Liga
09-04-2024,2024,Abril,Dorados,Gastos,Sonido,"28,420.00",,General,Liga
09-04-2024,2024,Abril,Dorados,Gastos,Pintura Campo,"1,590.00",,General,Liga
09-04-2024,2024,Abril,Dorados,Gastos,Cargo por Servicio Taquilla,"6,122.35",,General,Liga
09-04-2024,2024,Abril,Dorados,Gastos,Cortesias,"3,288.00",,General,Liga
09-04-2024,2024,Abril,Dorados,Gastos,Bolsas,964.25,,General,Liga
09-04-2024,2024,Abril,Dorados,Gastos,Seguridad Municipal,"8,320.20",,General,Liga
25-04-2024,2024,Abril,Atlante,Gastos,Pago Nomina,"25,850.00",,General,Liga
25-04-2024,2024,Abril,Atlante,Gastos,Servicio de Palcos,"1,840.00",,General,Liga
25-04-2024,2024,Abril,Atlante,Gastos,Pago Activaciones Partido,"6,360.00",,General,Liga
25-04-2024,2024,Abril,Atlante,Gastos,Ambulancia,"8,032.50",,General,Liga
25-04-2024,2024,Abril,Atlante,Gastos,Seguridad Privada,"148,480.00",,General,Liga
25-04-2024,2024,Abril,Atlante,Gastos,Sonido,"28,420.00",,General,Liga
25-04-2024,2024,Abril,Atlante,Gastos,Pintura Campo,"1,905.00",,General,Liga
25-04-2024,2024,Abril,Atlante,Gastos,Pirotecnica,"40,600.00",,General,Liga
25-04-2024,2024,Abril,Atlante,Gastos,Show Luces,"40,600.00",,General,Liga
25-04-2024,2024,Abril,Atlante,Gastos,Cargo por Servicio Taquilla,"48,525.00",,General,Liga
25-04-2024,2024,Abril,Atlante,Gastos,Cortesias,"7,141.00",,General,Liga
25-04-2024,2024,Abril,Atlante,Gastos,Comision Venta Clip,"3,047.62",,General,Liga
25-04-2024,2024,Abril,Atlante,Gastos,Bolsas,964.25,,General,Liga
25-04-2024,2024,Abril,Atlante,Gastos,Seguridad Municipal,"16,640.00",,General,Liga
15-05-2024,2024,Mayo,Atlante,Gastos,Pago Nomina,"27,750.00",,General,Liga
15-05-2024,2024,Mayo,Atlante,Gastos,Servicio de Palcos,"3,100.00",,General,Liga
15-05-2024,2024,Mayo,Atlante,Gastos,Pago Traslado Aeropuerto Estadio,"1,700.00",,General,Liga
15-05-2024,2024,Mayo,Atlante,Gastos,Pago Banda,"3,500.00",,General,Liga
15-05-2024,2024,Mayo,Atlante,Gastos,Ambulancia,"16,240.00",,General,Liga
15-05-2024,2024,Mayo,Atlante,Gastos,Seguridad Privada,"278,400.00",,General,Liga
15-05-2024,2024,Mayo,Atlante,Gastos,Sonido,"49,880.00",,General,Liga
15-05-2024,2024,Mayo,Atlante,Gastos,Bolsas,964.25,,General,Liga
15-05-2024,2024,Mayo,Atlante,Gastos,Seguridad Publica,"26,708.43",,General,Liga
15-05-2024,2024,Mayo,Atlante,Gastos,Box Lunch Personas Protocolo,"30,566.00",,General,Liga
15-05-2024,2024,Mayo,Atlante,Gastos,Pintura Campo,"1,905.00",,General,Liga
15-05-2024,2024,Mayo,Atlante,Gastos,Planta de Luz,"8,282.00",,General,Liga
15-05-2024,2024,Mayo,Atlante,Gastos,Pirotecnica,"23,200.00",,General,Liga
15-05-2024,2024,Mayo,Atlante,Gastos,Cargo por Servicio Taquilla,"33,547.50",,General,Liga
15-05-2024,2024,Mayo,Atlante,Gastos,Cortesias,"7,608.00",,General,Liga
15-05-2024,2024,Mayo,Atlante,Gastos,Comision Venta Clip,"3,470.00",,General,Liga
03-08-2024,2024,Agosto,Tepatitlan,Gastos,Pago Nomina,"21,900.00",,General,Liga
03-08-2024,2024,Agosto,Tepatitlan,Gastos,Servicio de Palcos,"1,200.00",,General,Liga
03-08-2024,2024,Agosto,Tepatitlan,Gastos,Pago Banda,"3,500.00",,General,Liga
03-08-2024,2024,Agosto,Tepatitlan,Gastos,Ambulancia,"8,032.50",,General,Liga
03-08-2024,2024,Agosto,Tepatitlan,Gastos,Seguridad Privada,"109,620.00",,General,Liga
03-08-2024,2024,Agosto,Tepatitlan,Gastos,Sonido,"29,000.00",,General,Liga
03-08-2024,2024,Agosto,Tepatitlan,Gastos,Bolsas,964.25,,General,Liga
03-08-2024,2024,Agosto,Tepatitlan,Gastos,Seguridad Municipal,"4,451.40",,General,Liga
03-08-2024,2024,Agosto,Tepatitlan,Gastos,Pintura Campo,"2,025.00",,General,Liga
03-08-2024,2024,Agosto,Tepatitlan,Gastos,Cargo por Servicio Taquilla,"4,906.50",,General,Liga
03-08-2024,2024,Agosto,Tepatitlan,Gastos,Cortesias,"3,356.00",,General,Liga
03-08-2024,2024,Agosto,Tepatitlan,Gastos,Comision Venta Clip,392.96,,General,Liga
17-08-2024,2024,Agosto,Mineros,Gastos,Pago Nomina,"22,000.00",,General,Liga
17-08-2024,2024,Agosto,Mineros,Gastos,Servicio de Palcos,"1,200.00",,General,Liga
17-08-2024,2024,Agosto,Mineros,Gastos,Pago Edecan,400.00,,General,Liga
17-08-2024,2024,Agosto,Mineros,Gastos,Pago Banda,"3,500.00",,General,Liga
17-08-2024,2024,Agosto,Mineros,Gastos,Ambulancia,"10,327.50",,General,Liga
17-08-2024,2024,Agosto,Mineros,Gastos,Seguridad Privada,"52,780.00",,General,Liga
17-08-2024,2024,Agosto,Mineros,Gastos,Sonido,"29,000.00",,General,Liga
17-08-2024,2024,Agosto,Mineros,Gastos,Pago Servicio Maquinas CO2,"25,000.00",,General,Liga
17-08-2024,2024,Agosto,Mineros,Gastos,Pago Renta Truss CO2,"2,320.00",,General,Liga
17-08-2024,2024,Agosto,Mineros,Gastos,Bolsas,964.25,,General,Liga
17-08-2024,2024,Agosto,Mineros,Gastos,Seguridad Municipal,"4,451.40",,General,Liga
17-08-2024,2024,Agosto,Mineros,Gastos,Pintura Campo,"2,025.00",,General,Liga
17-08-2024,2024,Agosto,Mineros,Gastos,Cargo por Servicio Taquilla,"7,381.50",,General,Liga
17-08-2024,2024,Agosto,Mineros,Gastos,Cortesias,"5,297.00",,General,Liga
17-08-2024,2024,Agosto,Mineros,Gastos,Comision Venta Clip,467.71,,General,Liga
24-08-2024,2024,Agosto,Tampico,Gastos,Pago Nomina,"22,900.00",,General,Liga
24-08-2024,2024,Agosto,Tampico,Gastos,Servicio de Palcos,"1,200.00",,General,Liga
24-08-2024,2024,Agosto,Tampico,Gastos,Pago Activaciones Marketing,"1,800.00",,General,Liga
24-08-2024,2024,Agosto,Tampico,Gastos,Pago Banda,"3,500.00",,General,Liga
24-08-2024,2024,Agosto,Tampico,Gastos,Ambulancia,"10,327.50",,General,Liga
24-08-2024,2024,Agosto,Tampico,Gastos,Seguridad Privada,"109,620.00",,General,Liga
24-08-2024,2024,Agosto,Tampico,Gastos,Sonido,"29,000.00",,General,Liga
24-08-2024,2024,Agosto,Tampico,Gastos,Bolsas,964.25,,General,Liga
24-08-2024,2024,Agosto,Tampico,Gastos,Seguridad Municipal,"8,902.81",,General,Liga
24-08-2024,2024,Agosto,Tampico,Gastos,Pintura Campo,"2,025.00",,General,Liga
24-08-2024,2024,Agosto,Tampico,Gastos,Cargo por Servicio Taquilla,"5,965.50",,General,Liga
24-08-2024,2024,Agosto,Tampico,Gastos,Cortesias,"4,771.00",,General,Liga
24-08-2024,2024,Agosto,Tampico,Gastos,Comision Venta Clip,347.44,,General,Liga
07-09-2024,2024,Septiembre,UDG,Gastos,Pago Nomina,"23,400.00",,General,Liga
07-09-2024,2024,Septiembre,UDG,Gastos,Servicio de Palcos,"1,200.00",,General,Liga
07-09-2024,2024,Septiembre,UDG,Gastos,Pago Activaciones Marketing,"1,500.00",,General,Liga
07-09-2024,2024,Septiembre,UDG,Gastos,Pago Mariachis,"2,600.00",,General,Liga
07-09-2024,2024,Septiembre,UDG,Gastos,Ambulancia,"10,327.50",,General,Liga
07-09-2024,2024,Septiembre,UDG,Gastos,Seguridad Privada,"52,780.00",,General,Liga
07-09-2024,2024,Septiembre,UDG,Gastos,Sonido,"29,000.00",,General,Liga
07-09-2024,2024,Septiembre,UDG,Gastos,Bolsas,964.25,,General,Liga
07-09-2024,2024,Septiembre,UDG,Gastos,Seguridad Municipal,"4,451.40",,General,Liga
07-09-2024,2024,Septiembre,UDG,Gastos,Pintura Campo,"2,025.00",,General,Liga
07-09-2024,2024,Septiembre,UDG,Gastos,Cargo por Servicio Taquilla,"5,691.00",,General,Liga
07-09-2024,2024,Septiembre,UDG,Gastos,Cortesias,"4,145.00",,General,Liga
07-09-2024,2024,Septiembre,UDG,Gastos,Comision Venta Clip,390.00,,General,Liga
28-09-2024,2024,Septiembre,Tlaxcala,Gastos,Pago Nomina,"23,400.00",,General,Liga
28-09-2024,2024,Septiembre,Tlaxcala,Gastos,Servicio de Palcos,"1,200.00",,General,Liga
28-09-2024,2024,Septiembre,Tlaxcala,Gastos,Pago Activaciones Marketing,"1,100.00",,General,Liga
28-09-2024,2024,Septiembre,Tlaxcala,Gastos,Ambulancia,"10,327.50",,General,Liga
28-09-2024,2024,Septiembre,Tlaxcala,Gastos,Seguridad Privada,"52,780.00",,General,Liga
28-09-2024,2024,Septiembre,Tlaxcala,Gastos,Sonido,"29,000.00",,General,Liga
28-09-2024,2024,Septiembre,Tlaxcala,Gastos,Bolsas,964.25,,General,Liga
28-09-2024,2024,Septiembre,Tlaxcala,Gastos,Seguridad Municipal,"4,451.40",,General,Liga
28-09-2024,2024,Septiembre,Tlaxcala,Gastos,Pintura Campo,"2,025.00",,General,Liga
28-09-2024,2024,Septiembre,Tlaxcala,Gastos,Cargo por Servicio Taquilla,"2,112.00",,General,Liga
28-09-2024,2024,Septiembre,Tlaxcala,Gastos,Cortesias,"3,594.00",,General,Liga
28-09-2024,2024,Septiembre,Tlaxcala,Gastos,Comision Venta Clip,123.61,,General,Liga
11-01-2022,2022,Enero,Celaya,Ventas,Refresco,"1,530.00",90,General,Liga
11-01-2022,2022,Enero,Celaya,Ventas,Cerveza,"6,060.00",336,General,Liga
11-01-2022,2022,Enero,Celaya,Ventas,Snack,"1,400.00",7,General,Liga
11-01-2022,2022,Enero,Celaya,Ventas,Tienda,"2,800.00",10,General,Liga
18-01-2022,2022,Enero,Dorados,Ventas,Refresco,"1,819.00",107,General,Liga
18-01-2022,2022,Enero,Dorados,Ventas,Cerveza,"13,050.00",522,General,Liga
18-01-2022,2022,Enero,Dorados,Ventas,Snack,"2,000.00",10,General,Liga
18-01-2022,2022,Enero,Dorados,Ventas,Tienda,"2,750.00",5,General,Liga
30-01-2022,2022,Enero,Atlante,Ventas,Cerveza,"50,625.00",2060,General,Liga
30-01-2022,2022,Enero,Atlante,Ventas,Refresco,"5,015.00",295,General,Liga
30-01-2022,2022,Enero,Atlante,Ventas,Mission,"2,352.00",196,General,Liga
30-01-2022,2022,Enero,Atlante,Ventas,Snack,"2,400.00",12,General,Liga
30-01-2022,2022,Enero,Atlante,Ventas,Tienda,"5,770.00",27,General,Liga
08-02-2022,2022,Febrero,Tepattitlan,Ventas,Cerveza,"11,340.00",319,General,Liga
08-02-2022,2022,Febrero,Tepattitlan,Ventas,Refresco,"7,775.00",75,General,Liga
08-02-2022,2022,Febrero,Tepattitlan,Ventas,Mission,"1,275.00",112,General,Liga
08-02-2022,2022,Febrero,Tepattitlan,Ventas,Snack,"2,000.00",10,General,Liga
08-02-2022,2022,Febrero,Tepattitlan,Ventas,Tienda,"17,664.48",,General,Liga
23-02-2022,2022,Febrero,Raya2,Ventas,Cerveza,"21,520.00",879,General,Liga
23-02-2022,2022,Febrero,Raya2,Ventas,Refresco,"3,520.00",194,General,Liga
23-02-2022,2022,Febrero,Raya2,Ventas,Mission,"2,460.00",205,General,Liga
23-02-2022,2022,Febrero,Raya2,Ventas,Snack,"2,600.00",13,General,Liga
15-03-2022,2022,Marzo,Tapatio,Ventas,Cerveza,"26,000.00",1040,General,Liga
15-03-2022,2022,Marzo,Tapatio,Ventas,Refresco,"4,165.00",245,General,Liga
15-03-2022,2022,Marzo,Tapatio,Ventas,Mission,936.00,78,General,Liga
15-03-2022,2022,Marzo,Tapatio,Ventas,Snack,"1,800.00",9,General,Liga
25-03-2022,2022,Marzo,Tabasco,Ventas,Cerveza,"34,200.00",1376,General,Liga
25-03-2022,2022,Marzo,Tabasco,Ventas,Refresco,"3,604.00",212,General,Liga
25-03-2022,2022,Marzo,Tabasco,Ventas,Mission,"2,160.00",180,General,Liga
25-03-2022,2022,Marzo,Tabasco,Ventas,Snack,"2,200.00",11,General,Liga
25-03-2022,2022,Marzo,Tabasco,Ventas,Tienda,"36,091.17",,General,Liga
06-04-2022,2022,Abril,Tlaxcala,Ventas,Cerveza,"22,125.00",893,General,Liga
06-04-2022,2022,Abril,Tlaxcala,Ventas,Refresco,"3,400.00",200,General,Liga
06-04-2022,2022,Abril,Tlaxcala,Ventas,Mission,"2,304.00",192,General,Liga
06-04-2022,2022,Abril,Tlaxcala,Ventas,Snack,"2,400.00",12,General,Liga
21-04-2022,2022,Abril,Tepattitlan,Ventas,Cerveza,"54,400.00",2176,General,Liga
21-04-2022,2022,Abril,Tepattitlan,Ventas,Refresco,"7,514.00",442,General,Liga
21-04-2022,2022,Abril,Tepattitlan,Ventas,Mission,"1,572.00",131,General,Liga
21-04-2022,2022,Abril,Tepattitlan,Ventas,Snack,"2,600.00",12,General,Liga
29-04-2022,2022,Abril,Celaya,Ventas,Cerveza,"95,500.00",3820,General,Liga
29-04-2022,2022,Abril,Celaya,Ventas,Refresco,"3,820.00",552,General,Liga
29-04-2022,2022,Abril,Celaya,Ventas,Mission,552.00,29,General,Liga
29-04-2022,2022,Abril,Celaya,Ventas,Snack,"7,200.00",24,General,Liga
29-04-2022,2022,Abril,Celaya,Ventas,Tienda,"64,004.38", ,General,Liga
13-06-2022,2022,Junio,America,Ventas,Cerveza,"286,925.00",11477,General,Amistoso
13-06-2022,2022,Junio,America,Ventas,Refresco,"14,688.00",864,General,Amistoso
13-06-2022,2022,Junio,America,Ventas,Palcos,"15,000.00",3,General,Amistoso
13-06-2022,2022,Junio,America,Ventas,Mission,"1,800.00",150,General,Amistoso
13-06-2022,2022,Junio,America,Ventas,Snack,"6,000.00",30,General,Amistoso
05-07-2022,2022,Julio,Raya2,Ventas,Vendedores,"7,600.00",,General,Liga
05-07-2022,2022,Julio,Raya2,Ventas,Tienda,"16,155.00",,General,Liga
05-07-2022,2022,Julio,Raya2,Ventas,Comision cafeteria,450.00,,General,Liga
05-07-2022,2022,Julio,Raya2,Ventas,Cerveza,"23,000.00",920,General,Liga
05-07-2022,2022,Julio,Raya2,Ventas,Refresco,"7,463.00",439,General,Liga
19-07-2022,2022,Julio,Coyotes,Ventas,Vendedores,"7,300.00",,General,Liga
19-07-2022,2022,Julio,Coyotes,Ventas,Tienda,"15,340.00",,General,Liga
19-07-2022,2022,Julio,Coyotes,Ventas,Estacionamiento,740.00,,General,Liga
19-07-2022,2022,Julio,Coyotes,Ventas,Cerveza,"26,425.00",1057,General,Liga
19-07-2022,2022,Julio,Coyotes,Ventas,Refresco,"7,956.00",468,General,Liga
02-08-2022,2022,Agosto,La Paz Fc,Ventas,Vendedores,"6,500.00",,General,Liga
02-08-2022,2022,Agosto,La Paz Fc,Ventas,Tienda,"25,050.00",,General,Liga
02-08-2022,2022,Agosto,La Paz Fc,Ventas,Estacionamiento,500.00,,General,Liga
02-08-2022,2022,Agosto,La Paz Fc,Ventas,Resguardo mochilas,260.00,,General,Liga
02-08-2022,2022,Agosto,La Paz Fc,Ventas,Cerveza,"24,250.00",970,General,Liga
02-08-2022,2022,Agosto,La Paz Fc,Ventas,Refresco,"5,814.00",342,General,Liga
16-08-2022,2022,Agosto,Alebrijes Oaxaca,Ventas,Vendedores,"6,500.00",,General,Liga
16-08-2022,2022,Agosto,Alebrijes Oaxaca,Ventas,Tienda,"14,100.00",,General,Liga
16-08-2022,2022,Agosto,Alebrijes Oaxaca,Ventas,Resguardo mochilas,160.00,,General,Liga
16-08-2022,2022,Agosto,Alebrijes Oaxaca,Ventas,Comision cafeteria,550.00,,General,Liga
16-08-2022,2022,Agosto,Alebrijes Oaxaca,Ventas,Cerveza,"20,950.00",838,General,Liga
16-08-2022,2022,Agosto,Alebrijes Oaxaca,Ventas,Refresco,"5,831.00",343,General,Liga
30-08-2022,2022,Agosto,Venados,Ventas,Vendedores,"6,500.00",,General,Liga
30-08-2022,2022,Agosto,Venados,Ventas,Tienda,"25,155.00",,General,Liga
30-08-2022,2022,Agosto,Venados,Ventas,Resguardo mochilas,170.00,,General,Liga
30-08-2022,2022,Agosto,Venados,Ventas,Comision cafeteria,500.00,,General,Liga
30-08-2022,2022,Agosto,Venados,Ventas,Cerveza,"32,925.00",1317,General,Liga
30-08-2022,2022,Agosto,Venados,Ventas,Refresco,"8,024.00",472,General,Liga
13-09-2022,2022,Septiembre,Celaya,Ventas,Vendedores,"6,000.00",,General,Liga
13-09-2022,2022,Septiembre,Celaya,Ventas,Tienda,"13,715.00",,General,Liga
13-09-2022,2022,Septiembre,Celaya,Ventas,Resguardo mochilas,210.00,,General,Liga
13-09-2022,2022,Septiembre,Celaya,Ventas,Comision cafeteria,500.00,,General,Liga
13-09-2022,2022,Septiembre,Celaya,Ventas,Iguana Bar,"1,280.00",,General,Liga
13-09-2022,2022,Septiembre,Celaya,Ventas,Cerveza,"29,775.00",1191,General,Liga
13-09-2022,2022,Septiembre,Celaya,Ventas,Refresco,"4,913.00",289,General,Liga
25-09-2022,2022,Septiembre,Dorados,Ventas,Vendedores,"6,000.00",,General,Liga
25-09-2022,2022,Septiembre,Dorados,Ventas,Tienda,"9,157.00",,General,Liga
25-09-2022,2022,Septiembre,Dorados,Ventas,Resguardo mochilas,250.00,,General,Liga
25-09-2022,2022,Septiembre,Dorados,Ventas,Iguana Bar,940.00,,General,Liga
25-09-2022,2022,Septiembre,Dorados,Ventas,Cerveza,"22,000.00",880,General,Liga
25-09-2022,2022,Septiembre,Dorados,Ventas,Refresco,"3,978.00",234,General,Liga
28-09-2022,2022,Septiembre,Durango,Ventas,Vendedores,"5,100.00",,General,Liga
28-09-2022,2022,Septiembre,Durango,Ventas,Tienda,"3,080.00",,General,Liga
28-09-2022,2022,Septiembre,Durango,Ventas,Resguardo mochilas,260.00,,General,Liga
28-09-2022,2022,Septiembre,Durango,Ventas,Iguana Bar,"1,220.00",,General,Liga
28-09-2022,2022,Septiembre,Durango,Ventas,Cerveza,"15,550.00",622,General,Liga
28-09-2022,2022,Septiembre,Durango,Ventas,Refresco,"2,856.00",168,General,Liga
11-10-2022,2022,Octubre,Tepattitlan,Ventas,Vendedores,"5,600.00",,General,Liga
11-10-2022,2022,Octubre,Tepattitlan,Ventas,Tienda,"8,610.00",,General,Liga
11-10-2022,2022,Octubre,Tepattitlan,Ventas,Resguardo mochilas,410.00,,General,Liga
11-10-2022,2022,Octubre,Tepattitlan,Ventas,Cafeteria,200.00,,General,Liga
11-10-2022,2022,Octubre,Tepattitlan,Ventas,Cerveza,"13,700.00",548,General,Liga
11-10-2022,2022,Octubre,Tepattitlan,Ventas,Refresco,"2,822.00",166,General,Liga
23-11-2022,2022,Noviembre,Cruz Azul,Ventas,Vendedores,"11,250.00",,General,Amistoso
23-11-2022,2022,Noviembre,Cruz Azul,Ventas,Food Truck,"1,000.00",,General,Amistoso
23-11-2022,2022,Noviembre,Cruz Azul,Ventas,Tienda,"16,062.00",,General,Amistoso
23-11-2022,2022,Noviembre,Cruz Azul,Ventas,Cerveza,"84,630.00",2418,General,Amistoso
23-11-2022,2022,Noviembre,Cruz Azul,Ventas,Refresco,"25,110.00",930,General,Amistoso
11-12-2022,2022,Diciembre,America,Ventas,Vendedores,"14,250.00",,General,Amistoso
11-12-2022,2022,Diciembre,America,Ventas,Food Truck,"2,000.00",,General,Amistoso
11-12-2022,2022,Diciembre,America,Ventas,Tienda,"16,395.00",,General,Amistoso
11-12-2022,2022,Diciembre,America,Ventas,Cerveza,"107,310.00",3066,General,Amistoso
11-12-2022,2022,Diciembre,America,Ventas,Refresco,"42,903.00",1589,General,Amistoso
11-12-2022,2022,Diciembre,America,Ventas,Micheladas,"5,000.00",,General,Amistoso
11-01-2023,2023,Enero,UDG,Ventas,Tienda,"7,463.00",,General,Liga
11-01-2023,2023,Enero,UDG,Ventas,Iguana Bar,"1,060.00",,General,Liga
11-01-2023,2023,Enero,UDG,Ventas,Vendedores,"6,500.00",,General,Liga
11-01-2023,2023,Enero,UDG,Ventas,Resguardo mochilas,310.00,,General,Liga
11-01-2023,2023,Enero,UDG,Ventas,Cerveza,"16,695.00",477,General,Liga
11-01-2023,2023,Enero,UDG,Ventas,Refresco,"5,159.00",237,General,Liga
25-01-2023,2023,Enero,Correcaminos,Ventas,Tienda,"15,049.50",,General,Liga
25-01-2023,2023,Enero,Correcaminos,Ventas,Resguardo mochilas,410.00,,General,Liga
25-01-2023,2023,Enero,Correcaminos,Ventas,Vendedores,"6,500.00",,General,Liga
25-01-2023,2023,Enero,Correcaminos,Ventas,Iguana Bar,330.00,,General,Liga
25-01-2023,2023,Enero,Correcaminos,Ventas,Cerveza,"31,465.00",899,General,Liga
25-01-2023,2023,Enero,Correcaminos,Ventas,Refresco,"6,019.00",257,General,Liga
07-02-2023,2023,Febrero,Atlante,Ventas,Tienda,"15,349.99",,General,Liga
07-02-2023,2023,Febrero,Atlante,Ventas,Resguardo mochilas,610.00,,General,Liga
07-02-2023,2023,Febrero,Atlante,Ventas,Vendedores,"6,500.00",,General,Liga
07-02-2023,2023,Febrero,Atlante,Ventas,Iguana Bar,500.00,,General,Liga
07-02-2023,2023,Febrero,Atlante,Ventas,Cerveza,"82,285.00",2351,General,Liga
07-02-2023,2023,Febrero,Atlante,Ventas,Refresco,"14,780.00",610,General,Liga
01-03-2023,2023,Marzo,Morelia,Ventas,Tienda,"23,184.00",,General,Liga
01-03-2023,2023,Marzo,Morelia,Ventas,Resguardo mochilas,350.00,,General,Liga
01-03-2023,2023,Marzo,Morelia,Ventas,Vendedores,"6,500.00",,General,Liga
01-03-2023,2023,Marzo,Morelia,Ventas,Iguana Bar,550.00,,General,Liga
01-03-2023,2023,Marzo,Morelia,Ventas,Cerveza,"39,865.00",1139,General,Liga
01-03-2023,2023,Marzo,Morelia,Ventas,Refresco,"9,261.00",383,General,Liga
16-03-2023,2023,Marzo,Mineros,Ventas,Tienda,"21,206.98",,General,Liga
16-03-2023,2023,Marzo,Mineros,Ventas,Resguardo mochilas,240.00,,General,Liga
16-03-2023,2023,Marzo,Mineros,Ventas,Vendedores,"6,500.00",,General,Liga
16-03-2023,2023,Marzo,Mineros,Ventas,Iguana Bar,"1,410.00",,General,Liga
16-03-2023,2023,Marzo,Mineros,Ventas,Bebidas Tequile単o,"1,450.00",,General,Liga
16-03-2023,2023,Marzo,Mineros,Ventas,Cerveza,"33,005.00",943,General,Liga
16-03-2023,2023,Marzo,Mineros,Ventas,Refresco,"8,134.00",352,General,Liga
24-03-2023,2023,Marzo,Cimarrones,Ventas,Tienda,"32,104.00",,General,Liga
24-03-2023,2023,Marzo,Cimarrones,Ventas,Resguardo mochilas,400.00,,General,Liga
24-03-2023,2023,Marzo,Cimarrones,Ventas,Vendedores,"6,500.00",,General,Liga
24-03-2023,2023,Marzo,Cimarrones,Ventas,Iguana Bar,"1,130.00",,General,Liga
24-03-2023,2023,Marzo,Cimarrones,Ventas,Bebidas Tequile単o,725.00,,General,Liga
24-03-2023,2023,Marzo,Cimarrones,Ventas,Cerveza,"40,985.00",1171,General,Liga
24-03-2023,2023,Marzo,Cimarrones,Ventas,Refresco,"8,733.00",396,General,Liga
29-03-2023,2023,Marzo,Tapatio,Ventas,Tienda,"17,628.00",,General,Liga
29-03-2023,2023,Marzo,Tapatio,Ventas,Resguardo mochilas,580.00,,General,Liga
29-03-2023,2023,Marzo,Tapatio,Ventas,Vendedores,"6,500.00",,General,Liga
29-03-2023,2023,Marzo,Tapatio,Ventas,Iguana Bar,"1,600.00",,General,Liga
29-03-2023,2023,Marzo,Tapatio,Ventas,Bebidas Tequile単o,580.00,,General,Liga
29-03-2023,2023,Marzo,Tapatio,Ventas,Cerveza,"47,285.00",1351,General,Liga
29-03-2023,2023,Marzo,Tapatio,Ventas,Refresco,"10,062.00",426,General,Liga
11-04-2023,2023,Abril,Pumas Tabasco,Ventas,Tienda,"11,450.00",,General,Liga
11-04-2023,2023,Abril,Pumas Tabasco,Ventas,Resguardo mochilas,610.00,,General,Liga
11-04-2023,2023,Abril,Pumas Tabasco,Ventas,Vendedores,"6,500.00",,General,Liga
11-04-2023,2023,Abril,Pumas Tabasco,Ventas,Iguana Bar,"1,980.00",,General,Liga
11-04-2023,2023,Abril,Pumas Tabasco,Ventas,Bebidas Tequile単o,"1,450.00",,General,Liga
11-04-2023,2023,Abril,Pumas Tabasco,Ventas,Cerveza,"48,635.00",1441,General,Liga
11-04-2023,2023,Abril,Pumas Tabasco,Ventas,Refresco,"10,680.00",486,General,Liga
29-07-2023,2023,Julio,Venados,Ventas,Tourist Lounge,"10,007.00",,Tourist Lounge,Liga
29-07-2023,2023,Julio,Venados,Ventas,Tienda,"65,803.21",,General,Liga
29-07-2023,2023,Julio,Venados,Ventas,Resguardo mochilas,730.00,,General,Liga
29-07-2023,2023,Julio,Venados,Ventas,Vendedores,"9,800.00",,General,Liga
29-07-2023,2023,Julio,Venados,Ventas,Cerveza,"73,215.00",1935,General,Liga
29-07-2023,2023,Julio,Venados,Ventas,Refresco,"13,071.00",483,General,Liga
05-08-2023,2023,Agosto,Correcaminos,Ventas,Tienda,"26,029.79",,General,Liga
05-08-2023,2023,Agosto,Correcaminos,Ventas,Resguardo mochilas,580.00,,General,Liga
05-08-2023,2023,Agosto,Correcaminos,Ventas,Vendedores,"8,000.00",,General,Liga
05-08-2023,2023,Agosto,Correcaminos,Ventas,Iguana Bar,"3,540.00",,General,Liga
05-08-2023,2023,Agosto,Correcaminos,Ventas,Cerveza,"31,174.00",866,General,Liga
05-08-2023,2023,Agosto,Correcaminos,Ventas,Refresco,"14,184.00",552,General,Liga
19-08-2023,2023,Agosto,Morelia,Ventas,Tienda,"37,975.00",,General,Liga
19-08-2023,2023,Agosto,Morelia,Ventas,Resguardo mochilas,580.00,,General,Liga
19-08-2023,2023,Agosto,Morelia,Ventas,Fotos,180.00,,General,Liga
19-08-2023,2023,Agosto,Morelia,Ventas,Vendedores,"8,500.00",,General,Liga
19-08-2023,2023,Agosto,Morelia,Ventas,Iguana Bar,"2,100.00",,General,Liga
19-08-2023,2023,Agosto,Morelia,Ventas,Cerveza ,"44,776.00",1214,General,Liga
19-08-2023,2023,Agosto,Morelia,Ventas,Refresco,"16,212.00",516,General,Liga
06-09-2023,2023,Septiembre,Tlaxcala,Ventas,Tienda,"18,264.00",,General,Liga
06-09-2023,2023,Septiembre,Tlaxcala,Ventas,Resguardo mochilas,590.00,,General,Liga
06-09-2023,2023,Septiembre,Tlaxcala,Ventas,Vendedores,"8,500.00",,General,Liga
06-09-2023,2023,Septiembre,Tlaxcala,Ventas,Iguana Bar,"1,580.00",,General,Liga
06-09-2023,2023,Septiembre,Tlaxcala,Ventas,Cerveza,"33,683.00",913,General,Liga
06-09-2023,2023,Septiembre,Tlaxcala,Ventas,Refresco,"11,190.00",390,General,Liga
19-09-2023,2023,Septiembre,Chimarrones,Ventas,Tienda,"25,513.80",,General,Liga
19-09-2023,2023,Septiembre,Chimarrones,Ventas,Resguardo mochilas,410.00,,General,Liga
19-09-2023,2023,Septiembre,Chimarrones,Ventas,Vendedores,"8,000.00",,General,Liga
19-09-2023,2023,Septiembre,Chimarrones,Ventas,Iguana Bar,"1,960.00",,General,Liga
19-09-2023,2023,Septiembre,Chimarrones,Ventas,Cerveza,"28,100.00",772,General,Liga
19-09-2023,2023,Septiembre,Chimarrones,Ventas,Refresco,"7,063.00",239,General,Liga
05-10-2023,2023,Octubre,UDG,Ventas,Tienda,"34,526.00",,General,Liga
05-10-2023,2023,Octubre,UDG,Ventas,Resguardo mochilas,500.00,,General,Liga
05-10-2023,2023,Octubre,UDG,Ventas,Vendedores,"7,000.00",,General,Liga
05-10-2023,2023,Octubre,UDG,Ventas,Iguana Bar,"5,200.00",,General,Liga
05-10-2023,2023,Octubre,UDG,Ventas,Cerveza,"37,410.00",1038,General,Liga
05-10-2023,2023,Octubre,UDG,Ventas,Refresco,"11,372.00",448,General,Liga
01-11-2023,2023,Noviembre,Mineros,Ventas,Tienda,"39,427.00",,General,Liga
01-11-2023,2023,Noviembre,Mineros,Ventas,Resguardo mochilas,750.00,,General,Liga
01-11-2023,2023,Noviembre,Mineros,Ventas,Vendedores,"8,000.00",,General,Liga
01-11-2023,2023,Noviembre,Mineros,Ventas,Iguana Bar,"3,290.00",,General,Liga
01-11-2023,2023,Noviembre,Mineros,Ventas,Cerveza,"54,432.00",1512,General,Liga
01-11-2023,2023,Noviembre,Mineros,Ventas,Refresco,"12,760.00",440,General,Liga
19-11-2023,2023,Noviembre,Venados,Ventas,Tienda,"94,030.95",,General,Liga
19-11-2023,2023,Noviembre,Venados,Ventas,Resguardo mochilas,"1,010.00",,General,Liga
19-11-2023,2023,Noviembre,Venados,Ventas,Vendedores,"11,900.00",,General,Liga
19-11-2023,2023,Noviembre,Venados,Ventas,Iguana Bar,"11,020.00",,General,Liga
19-11-2023,2023,Noviembre,Venados,Ventas,Cerveza,"121,150.00",3338,General,Liga
19-11-2023,2023,Noviembre,Venados,Ventas,Refresco,"27,904.00",952,General,Liga
26-11-2023,2023,Noviembre,Mineros,Ventas,Tienda,"105,992.00",,General,Liga
26-11-2023,2023,Noviembre,Mineros,Ventas,Resguardo mochilas,"1,000.00",,General,Liga
26-11-2023,2023,Noviembre,Mineros,Ventas,Vendedores,"15,100.00",,General,Liga
26-11-2023,2023,Noviembre,Mineros,Ventas,Iguana Bar,"12,624.00",,General,Liga
26-11-2023,2023,Noviembre,Mineros,Ventas,Cerveza,"120,624.00",3360,General,Liga
26-11-2023,2023,Noviembre,Mineros,Ventas,Refresco,"24,432.00",816,General,Liga
03-12-2023,2023,Diciembre,Atlante,Ventas,Tienda,"127,776.60",,General,Liga
03-12-2023,2023,Diciembre,Atlante,Ventas,Resguardo mochilas,"2,500.00",,General,Liga
03-12-2023,2023,Diciembre,Atlante,Ventas,Vendedores,"2,960.00",,General,Liga
03-12-2023,2023,Diciembre,Atlante,Ventas,Iguana Bar,"25,960.00",,General,Liga
03-12-2023,2023,Diciembre,Atlante,Ventas,Cerveza,"224,832.00",6288,General,Liga
03-12-2023,2023,Diciembre,Atlante,Ventas,Refresco,"79,668.00",2724,General,Liga
16-01-2024,2024,Enero,Alebrijes Oaxaca,Ventas,Tienda,"52,604.00",,General,Liga
16-01-2024,2024,Enero,Alebrijes Oaxaca,Ventas,Resguardo mochilas,370.00,,General,Liga
16-01-2024,2024,Enero,Alebrijes Oaxaca,Ventas,Vendedores,"9,000.00",,General,Liga
16-01-2024,2024,Enero,Alebrijes Oaxaca,Ventas,Iguana Bar,"5,920.00",,General,Liga
16-01-2024,2024,Enero,Alebrijes Oaxaca,Ventas,Cerveza,"29,400.00",840,General,Liga
16-01-2024,2024,Enero,Alebrijes Oaxaca,Ventas,Refresco,"8,143.00",259,General,Liga
25-01-2024,2024,Enero,Atlante,Ventas,Tienda,"36,056.00",,General,Liga
25-01-2024,2024,Enero,Atlante,Ventas,Resguardo mochilas,"1,280.00",,General,Liga
25-01-2024,2024,Enero,Atlante,Ventas,Vendedores,"11,400.00",,General,Liga
25-01-2024,2024,Enero,Atlante,Ventas,Multa Vendedor,"1,000.00",,General,Liga
25-01-2024,2024,Enero,Atlante,Ventas,Iguana Bar,"10,240.00",,General,Liga
25-01-2024,2024,Enero,Atlante,Ventas,Cerveza,"84,840.00",2424,General,Liga
25-01-2024,2024,Enero,Atlante,Ventas,Refresco,"18,414.00",622,General,Liga
13-02-2024,2024,Febrero,Celaya,Ventas,Tienda,"22,508.00",,General,Liga
13-02-2024,2024,Febrero,Celaya,Ventas,Resguardo mochilas,310.00,,General,Liga
13-02-2024,2024,Febrero,Celaya,Ventas,Vendedores,"9,900.00",,General,Liga
13-02-2024,2024,Febrero,Celaya,Ventas,Iguana Bar,"6,540.00",,General,Liga
13-02-2024,2024,Febrero,Celaya,Ventas,Cerveza,"39,480.00",1128,General,Liga
13-02-2024,2024,Febrero,Celaya,Ventas,Refresco,"8,273.00",289,General,Liga
02-03-2024,2024,Marzo,La Paz Fc,Ventas,Tienda,"61,305.50",,General,Liga
02-03-2024,2024,Marzo,La Paz Fc,Ventas,Resguardo mochilas,670.00,,General,Liga
02-03-2024,2024,Marzo,La Paz Fc,Ventas,Vendedores,"10,500.00",,General,Liga
02-03-2024,2024,Marzo,La Paz Fc,Ventas,Iguana Bar,"7,860.00",,General,Liga
02-03-2024,2024,Marzo,La Paz Fc,Ventas,Cerveza,"57,890.00",1654,General,Liga
02-03-2024,2024,Marzo,La Paz Fc,Ventas,Refresco,"11,521.00",443,General,Liga
19-03-2024,2024,Marzo,Tepattitlan,Ventas,Tienda,"20,641.39",,General,Liga
19-03-2024,2024,Marzo,Tepattitlan,Ventas,Resguardo mochilas,470.00,,General,Liga
19-03-2024,2024,Marzo,Tepattitlan,Ventas,Vendedores,"9,800.00",,General,Liga
19-03-2024,2024,Marzo,Tepattitlan,Ventas,Iguana Bar,"2,940.00",,General,Liga
19-03-2024,2024,Marzo,Tepattitlan,Ventas,Cerveza,"18,760.00",536,General,Liga
19-03-2024,2024,Marzo,Tepattitlan,Ventas,Refresco,"7,772.00",236,General,Liga
26-03-2024,2024,Marzo,Tapatio,Ventas,Tienda,"76,712.00",,General,Liga
26-03-2024,2024,Marzo,Tapatio,Ventas,Resguardo mochilas,520.00,,General,Liga
26-03-2024,2024,Marzo,Tapatio,Ventas,Vendedores,"10,900.00",,General,Liga
26-03-2024,2024,Marzo,Tapatio,Ventas,Iguana Bar,"7,160.00",,General,Liga
26-03-2024,2024,Marzo,Tapatio,Ventas,Cubetero,"1,000.00",,General,Liga
26-03-2024,2024,Marzo,Tapatio,Ventas,Cerveza,"77,700.00",2220,General,Liga
26-03-2024,2024,Marzo,Tapatio,Ventas,Refresco,"12,229.00",437,General,Liga
09-04-2024,2024,Abril,Dorados,Ventas,Tienda,"35,452.50",,General,Liga
09-04-2024,2024,Abril,Dorados,Ventas,Resguardo mochilas,360.00,,General,Liga
09-04-2024,2024,Abril,Dorados,Ventas,Vendedores,"12,600.00",,General,Liga
09-04-2024,2024,Abril,Dorados,Ventas,Iguana Bar,"6,240.00",,General,Liga
09-04-2024,2024,Abril,Dorados,Ventas,Cerveza,"59,640.00",1704,General,Liga
09-04-2024,2024,Abril,Dorados,Ventas,Refresco,"11,730.00",410,General,Liga
25-04-2024,2024,Abril,Atlante,Ventas,Tienda,"232,730.00",,General,Liga
25-04-2024,2024,Abril,Atlante,Ventas,Resguardo mochilas,570.00,,General,Liga
25-04-2024,2024,Abril,Atlante,Ventas,Vendedores,"18,300.00",,General,Liga
25-04-2024,2024,Abril,Atlante,Ventas,Iguana Bar,"9,380.00",,General,Liga
25-04-2024,2024,Abril,Atlante,Ventas,Cerveza,"176,680.00",5048,General,Liga
25-04-2024,2024,Abril,Atlante,Ventas,Refresco,"21,480.00",840,General,Liga
15-05-2024,2024,Mayo,Atlante,Ventas,Tienda,"86,803.24",,General,Liga
15-05-2024,2024,Mayo,Atlante,Ventas,Resguardo mochilas,580.00,,General,Liga
15-05-2024,2024,Mayo,Atlante,Ventas,Vendedores,"21,650.00",,General,Liga
15-05-2024,2024,Mayo,Atlante,Ventas,Iguana Bar,"4,940.00",,General,Liga
15-05-2024,2024,Mayo,Atlante,Ventas,Cerveza,"89,915.00",2569,General,Liga
15-05-2024,2024,Mayo,Atlante,Ventas,Refresco,"22,150.00",823,General,Liga
03-08-2024,2024,Agosto,Tepattitlan,Ventas,Tienda,"84,638.31",,General,Liga
03-08-2024,2024,Agosto,Tepattitlan,Ventas,Resguardo mochilas,200.00,,General,Liga
03-08-2024,2024,Agosto,Tepattitlan,Ventas,Vendedores,"9,400.00",,General,Liga
03-08-2024,2024,Agosto,Tepattitlan,Ventas,Iguana Bar,"4,080.00",,General,Liga
03-08-2024,2024,Agosto,Tepattitlan,Ventas,Cerveza,"23,760.00",528,General,Liga
03-08-2024,2024,Agosto,Tepattitlan,Ventas,Refresco,"7,099.00",227,General,Liga
17-08-2024,2024,Agosto,Mineros,Ventas,Tienda,"98,625.00",,General,Liga
17-08-2024,2024,Agosto,Mineros,Ventas,Resguardo mochilas,270.00,,General,Liga
17-08-2024,2024,Agosto,Mineros,Ventas,Vendedores,"11,500.00",,General,Liga
17-08-2024,2024,Agosto,Mineros,Ventas,Iguana Bar,"8,320.00",,General,Liga
17-08-2024,2024,Agosto,Mineros,Ventas,Cerveza,"40,185.00",893,General,Liga
17-08-2024,2024,Agosto,Mineros,Ventas,Refresco,"14,702.00",466,General,Liga
24-08-2024,2024,Agosto,Jaiba Brava,Ventas,Tienda,"57,031.38",,General,Liga
24-08-2024,2024,Agosto,Jaiba Brava,Ventas,Resguardo mochilas,420.00,,General,Liga
24-08-2024,2024,Agosto,Jaiba Brava,Ventas,Vendedores,"11,500.00",,General,Liga
24-08-2024,2024,Agosto,Jaiba Brava,Ventas,Iguana Bar,"2,440.00",,General,Liga
24-08-2024,2024,Agosto,Jaiba Brava,Ventas,Cerveza,"50,040.00",1112,General,Liga
24-08-2024,2024,Agosto,Jaiba Brava,Ventas,Refresco,"8,496.00",288,General,Liga
07-09-2024,2024,Septiembre,UDG,Ventas,Tienda,"38,909.00",,General,Liga
07-09-2024,2024,Septiembre,UDG,Ventas,Resguardo mochilas,330.00,,General,Liga
07-09-2024,2024,Septiembre,UDG,Ventas,Vendedores,"10,100.00",,General,Liga
07-09-2024,2024,Septiembre,UDG,Ventas,Iguana Bar,"3,920.00",,General,Liga
07-09-2024,2024,Septiembre,UDG,Ventas,Cerveza,"34,605.00",796,General,Liga
07-09-2024,2024,Septiembre,UDG,Ventas,Refresco,"10,406.00",298,General,Liga
28-09-2024,2024,Septiembre,Tlaxcala,Ventas,Tienda,"41,380.00",,General,Liga
28-09-2024,2024,Septiembre,Tlaxcala,Ventas,Resguardo mochilas,410.00,,General,Liga
28-09-2024,2024,Septiembre,Tlaxcala,Ventas,Vendedores,"9,900.00",,General,Liga
28-09-2024,2024,Septiembre,Tlaxcala,Ventas,Iguana Bar,"4,500.00",,General,Liga
28-09-2024,2024,Septiembre,Tlaxcala,Ventas,Cerveza,"24,840.00",552,General,Liga
28-09-2024,2024,Septiembre,Tlaxcala,Ventas,Refresco,"10,344.00",312,General,Liga
11-01-2022,2022,Enero,Celaya,Taquilla,Taquilla,"9,150.00",90,General,Liga
18-01-2022,2022,Enero,Dorados,Taquilla,Taquilla,"19,240.00",159,General,Liga
18-01-2022,2022,Enero,Dorados,Taquilla,Venta Web,"8,550.00",,General,Liga
08-02-2022,2022,Febrero,Tepatitlan,Taquilla,Taquilla,"11,340.00",85,General,Liga
08-02-2022,2022,Febrero,Tepatitlan,Taquilla,Venta Web,"6,480.00",,General,Liga
23-02-2022,2022,Febrero,Raya2,Taquilla,Taquilla,"23,050.00",159,General,Liga
23-02-2022,2022,Febrero,Raya2,Taquilla,Venta Web,"7,940.00",,General,Liga
15-03-2022,2022,Marzo,Tapatio,Taquilla,Taquilla,"30,940.00",334,General,Liga
15-03-2022,2022,Marzo,Tapatio,Taquilla,Venta Web,"6,460.00",54,General,Liga
25-03-2022,2022,Marzo,Pumas Tabasco,Taquilla,Taquilla,"21,770.00",314,General,Liga
06-04-2022,2022,Abril,Tlaxcala,Taquilla,Taquilla,"26,060.00",271,General,Liga
06-04-2022,2022,Abril,Tlaxcala,Taquilla,Venta Web,"6,769.00",67,General,Liga
21-04-2022,2022,Abril,Tepatitlan,Taquilla,Taquilla,"41,590.00",664,General,Liga
21-04-2022,2022,Abril,Tepatitlan,Taquilla,Venta Web,"15,550.00",150,General,Liga
29-04-2022,2022,Abril,Celaya,Taquilla,Taquilla,"75,952.00",1262,General,Liga
29-04-2022,2022,Abril,Celaya,Taquilla,Venta Web,"39,820.00",390,General,Liga
13-06-2022,2022,Junio,America,Taquilla,Taquilla,"1,118,209.00",5264,General,Amistoso
13-06-2022,2022,Junio,America,Taquilla,Venta Web,"1,105,000.00",,General,Amistoso
13-06-2022,2022,Junio,America,Taquilla,Palco,"15,000.00",,General,Amistoso
13-06-2022,2022,Junio,America,Taquilla,Abonados,"10,800.00",,General,Amistoso
05-07-2022,2022,Julio,Raya2,Taquilla,Taquilla,"13,060.00",,General,Liga
05-07-2022,2022,Julio,Raya2,Taquilla,Taquilla Partido,"25,817.50",,General,Liga
05-07-2022,2022,Julio,Raya2,Taquilla,Preventa Taquilla,"7,143.00",,General,Liga
19-07-2022,2022,Julio,Tlaxcala,Taquilla,Taquilla,"8,800.00",,General,Liga
19-07-2022,2022,Julio,Tlaxcala,Taquilla,Taquilla Partido,"24,627.50",,General,Liga
19-07-2022,2022,Julio,Tlaxcala,Taquilla,Preventa Taquilla,"4,355.00",,General,Liga
02-08-2022,2022,Agosto,La Paz,Taquilla,Taquilla,"8,790.00",,General,Liga
02-08-2022,2022,Agosto,La Paz,Taquilla,Taquilla Partido,"24,070.00",,General,Liga
02-08-2022,2022,Agosto,La Paz,Taquilla,Preventa Taquilla,"1,350.00",,General,Liga
16-08-2022,2022,Agosto,Alebrijes,Taquilla,Taquilla,"23,004.81",,General,Liga
16-08-2022,2022,Agosto,Alebrijes,Taquilla,Taquilla Partido,"20,715.00",,General,Liga
16-08-2022,2022,Agosto,Alebrijes,Taquilla,Preventa Taquilla,"2,040.00",,General,Liga
30-08-2022,2022,Agosto,Venados,Taquilla,Taquilla,"8,175.00",,General,Liga
30-08-2022,2022,Agosto,Venados,Taquilla,Taquilla Partido,"22,295.00",,General,Liga
30-08-2022,2022,Agosto,Venados,Taquilla,Preventa Taquilla,"1,480.00",,General,Liga
13-09-2022,2022,Septiembre,Celaya,Taquilla,Taquilla,"4,340.00",,General,Liga
13-09-2022,2022,Septiembre,Celaya,Taquilla,Taquilla Partido,"13,730.00",,General,Liga
13-09-2022,2022,Septiembre,Celaya,Taquilla,Preventa Taquilla,750.00,,General,Liga
25-09-2022,2022,Septiembre,Dorados,Taquilla,Taquilla,"4,545.00",,General,Liga
25-09-2022,2022,Septiembre,Dorados,Taquilla,Taquilla Partido,"7,410.00",,General,Liga
25-09-2022,2022,Septiembre,Dorados,Taquilla,Preventa Taquilla,75.00,,General,Liga
28-09-2022,2022,Septiembre,Durango,Taquilla,Taquilla,"2,050.00",,General,Liga
28-09-2022,2022,Septiembre,Durango,Taquilla,Taquilla Partido,"5,215.00",,General,Liga
11-10-2022,2022,Octubre,Tepatitlan,Taquilla,Taquilla,"3,645.00",,General,Liga
11-10-2022,2022,Octubre,Tepatitlan,Taquilla,Taquilla Partido,"8,805.00",,General,Liga
11-10-2022,2022,Octubre,Tepatitlan,Taquilla,Preventa Taquilla,395.00,,General,Liga
23-11-2022,2022,Noviembre,Cruz Azul,Taquilla,Taquilla,"185,940.00",,General,Amistoso
23-11-2022,2022,Noviembre,Cruz Azul,Taquilla,Taquilla Partido,"204,790.00",,General,Amistoso
23-11-2022,2022,Noviembre,Cruz Azul,Taquilla,Preventa Taquilla,"111,150.00",,General,Amistoso
11-12-2022,2022,Diciembre,America,Taquilla,Taquilla,"501,200.00",,General,Amistoso
11-12-2022,2022,Diciembre,America,Taquilla,Taquilla Partido,"165,050.00",,General,Amistoso
11-12-2022,2022,Diciembre,America,Taquilla,Preventa Taquilla,"474,395.00",,General,Amistoso
11-01-2023,2023,Enero,UDG,Taquilla,Taquilla,"14,280.00",,General,Liga
11-01-2023,2023,Enero,UDG,Taquilla,Taquilla Partido,"28,490.00",,General,Liga
11-01-2023,2023,Enero,UDG,Taquilla,Preventa Taquilla,"1,570.00",,General,Liga
25-01-2023,2023,Enero,Correcaminos,Taquilla,Taquilla,"9,410.00",,General,Liga
25-01-2023,2023,Enero,Correcaminos,Taquilla,Taquilla Partido,"18,385.00",,General,Liga
25-01-2023,2023,Enero,Correcaminos,Taquilla,Preventa Taquilla,"1,070.00",,General,Liga
07-02-2023,2023,Febrero,Atlante,Taquilla,Taquilla,"18,925.00",,General,Liga
07-02-2023,2023,Febrero,Atlante,Taquilla,Taquilla Partido,"33,675.00",,General,Liga
07-02-2023,2023,Febrero,Atlante,Taquilla,Preventa Taquilla,"2,895.00",,General,Liga
01-03-2023,2023,Marzo,Morelia,Taquilla,Taquilla,"12,380.00",,General,Liga
01-03-2023,2023,Marzo,Morelia,Taquilla,Taquilla Partido,"20,955.00",,General,Liga
01-03-2023,2023,Marzo,Morelia,Taquilla,Preventa Taquilla,"1,180.00",,General,Liga
16-03-2023,2023,Marzo,Mineros,Taquilla,Taquilla,"6,995.00",,General,Liga
16-03-2023,2023,Marzo,Mineros,Taquilla,Taquilla Partido,"17,335.00",,General,Liga
16-03-2023,2023,Marzo,Mineros,Taquilla,Preventa Taquilla,"1,255.00",,General,Liga
24-03-2023,2023,Marzo,Cimarrones,Taquilla,Taquilla,"3,720.00",,General,Liga
24-03-2023,2023,Marzo,Cimarrones,Taquilla,Taquilla Partido,"12,465.00",,General,Liga
24-03-2023,2023,Marzo,Cimarrones,Taquilla,Preventa Taquilla,700.00,,General,Liga
29-03-2023,2023,Marzo,Tapatio,Taquilla,Taquilla,"9,895.00",,General,Liga
29-03-2023,2023,Marzo,Tapatio,Taquilla,Taquilla Partido,"19,845.00",,General,Liga
29-03-2023,2023,Marzo,Tapatio,Taquilla,Preventa Taquilla,"3,640.00",,General,Liga
11-04-2023,2023,Abril,Pumas Tabasco,Taquilla,Taquilla,"17,735.00",,General,Liga
11-04-2023,2023,Abril,Pumas Tabasco,Taquilla,Taquilla Partido,"38,105.00",,General,Liga
11-04-2023,2023,Abril,Pumas Tabasco,Taquilla,Preventa Taquilla,675.00,,General,Liga
29-07-2023,2023,Julio,Venados,Taquilla,Taquilla,"14,870.00",,General,Liga
29-07-2023,2023,Julio,Venados,Taquilla,Taquilla Partido,"39,735.00",,General,Liga
29-07-2023,2023,Julio,Venados,Taquilla,Preventa Taquilla,"2,795.00",,General,Liga
05-08-2023,2023,Agosto,Correcaminos,Taquilla,Taquilla,"10,365.00",,General,Liga
05-08-2023,2023,Agosto,Correcaminos,Taquilla,Taquilla Partido,"38,530.00",,General,Liga
05-08-2023,2023,Agosto,Correcaminos,Taquilla,Preventa Taquilla,"2,630.00",,General,Liga
19-08-2023,2023,Agosto,Morelia,Taquilla,Taquilla,"17,685.00",,General,Liga
19-08-2023,2023,Agosto,Morelia,Taquilla,Taquilla Partido,"37,265.00",,General,Liga
19-08-2023,2023,Agosto,Morelia,Taquilla,Preventa Taquilla,"2,465.00",,General,Liga
06-09-2023,2023,Septiembre,Tlaxcala,Taquilla,Taquilla,"11,160.00",,General,Liga
06-09-2023,2023,Septiembre,Tlaxcala,Taquilla,Taquilla Partido,"21,190.00",,General,Liga
06-09-2023,2023,Septiembre,Tlaxcala,Taquilla,Preventa Taquilla,"1,135.00",,General,Liga
19-09-2023,2023,Septiembre,Cimarrones,Taquilla,Taquilla,"6,285.00",,General,Liga
19-09-2023,2023,Septiembre,Cimarrones,Taquilla,Taquilla Partido,"11,235.00",,General,Liga
19-09-2023,2023,Septiembre,Cimarrones,Taquilla,Preventa Taquilla,"1,025.00",,General,Liga
05-10-2023,2023,Octubre,UDG,Taquilla,Taquilla,"10,930.00",,General,Liga
05-10-2023,2023,Octubre,UDG,Taquilla,Taquilla Partido,"29,410.00",,General,Liga
05-10-2023,2023,Octubre,UDG,Taquilla,Preventa Taquilla,"1,440.00",,General,Liga
01-11-2023,2023,Noviembre,Mineros,Taquilla,Taquilla,"10,020.00",,General,Liga
01-11-2023,2023,Noviembre,Mineros,Taquilla,Taquilla Partido,"21,075.00",,General,Liga
01-11-2023,2023,Noviembre,Mineros,Taquilla,Preventa Taquilla,"2,195.00",,General,Liga
19-11-2023,2023,Noviembre,Venados,Taquilla,Taquilla,"131,805.00",,General,Liga
19-11-2023,2023,Noviembre,Venados,Taquilla,Taquilla Partido,"125,200.00",,General,Liga
19-11-2023,2023,Noviembre,Venados,Taquilla,Preventa Taquilla,"94,685.00",,General,Liga
26-11-2023,2023,Noviembre,Mineros,Taquilla,Taquilla,"255,268.00",,General,Liga
26-11-2023,2023,Noviembre,Mineros,Taquilla,Taquilla Partido,"206,550.00",,General,Liga
26-11-2023,2023,Noviembre,Mineros,Taquilla,Preventa Taquilla,"116,850.00",,General,Liga
03-12-2023,2023,Diciembre,Atlante,Taquilla,Taquilla,"901,398.72",,General,Liga
03-12-2023,2023,Diciembre,Atlante,Taquilla,Taquilla Movil Taberna,"26,850.00",,General,Liga
03-12-2023,2023,Diciembre,Atlante,Taquilla,Preventa Taquilla,"303,800.00",,General,Liga
16-01-2024,2024,Enero,Alebrijes,Taquilla,Taquilla,"57,135.75",,General,Liga
16-01-2024,2024,Enero,Alebrijes,Taquilla,Taquilla Partido,"20,500.00",,General,Liga
16-01-2024,2024,Enero,Alebrijes,Taquilla,Preventa Taquilla,"36,235.00",,General,Liga
25-01-2024,2024,Enero,Atlante,Taquilla,Taquilla,"69,283.50",,General,Liga
25-01-2024,2024,Enero,Atlante,Taquilla,Taquilla Partido,"71,170.00",,General,Liga
25-01-2024,2024,Enero,Atlante,Taquilla,Preventa Taquilla,"23,870.00",,General,Liga
13-02-2024,2024,Febrero,Celaya,Taquilla,Taquilla,"27,034.25",,General,Liga
13-02-2024,2024,Febrero,Celaya,Taquilla,Taquilla Partido,"35,335.00",,General,Liga
13-02-2024,2024,Febrero,Celaya,Taquilla,Preventa Taquilla,"2,550.00",,General,Liga
02-03-2024,2024,Marzo,La Paz,Taquilla,Taquilla,"32,635.75",,General,Liga
02-03-2024,2024,Marzo,La Paz,Taquilla,Taquilla Partido,"35,855.00",,General,Liga
02-03-2024,2024,Marzo,La Paz,Taquilla,Preventa Taquilla,"3,160.00",,General,Liga
19-03-2024,2024,Marzo,Tepatitlan,Taquilla,Taquilla,"17,280.50",,General,Liga
19-03-2024,2024,Marzo,Tepatitlan,Taquilla,Taquilla Partido,"19,760.00",,General,Liga
19-03-2024,2024,Marzo,Tepatitlan,Taquilla,Preventa Taquilla,"3,905.00",,General,Liga
26-03-2024,2024,Marzo,Tapatio,Taquilla,Taquilla,"56,559.00",,General,Liga
26-03-2024,2024,Marzo,Tapatio,Taquilla,Taquilla Partido,"65,090.00",,General,Liga
26-03-2024,2024,Marzo,Tapatio,Taquilla,Preventa Taquilla,"9,430.00",,General,Liga
09-04-2024,2024,Abril,Dorados,Taquilla,Taquilla,"31,450.00",,General,Liga
09-04-2024,2024,Abril,Dorados,Taquilla,Taquilla Partido,"35,985.00",,General,Liga
09-04-2024,2024,Abril,Dorados,Taquilla,Preventa Taquilla,"4,480.00",,General,Liga
25-04-2024,2024,Abril,Atlante,Taquilla,Taquilla,"232,730.00",,General,Liga
25-04-2024,2024,Abril,Atlante,Taquilla,Taquilla Partido,"142,100.00",,General,Liga
25-04-2024,2024,Abril,Atlante,Taquilla,Preventa Taquilla,"70,350.00",,General,Liga
15-05-2024,2024,Mayo,Atlante,Taquilla,Taquilla,"232,730.00",,General,Liga
15-05-2024,2024,Mayo,Atlante,Taquilla,Taquilla Partido,"67,800.00",,General,Liga
15-05-2024,2024,Mayo,Atlante,Taquilla,Preventa Taquilla,"47,934.00",,General,Liga
03-08-2024,2024,Agosto,Tepatitlan,Taquilla,Taquilla,"22,929.00",,General,Liga
03-08-2024,2024,Agosto,Tepatitlan,Taquilla,Taquilla Partido,"19,890.00",,General,Liga
03-08-2024,2024,Agosto,Tepatitlan,Taquilla,Preventa Taquilla,"5,970.00",,General,Liga
03-08-2024,2024,Agosto,Tepatitlan,Taquilla,Clip Taquilla,"9,410.00",,General,Liga
17-08-2024,2024,Agosto,Mineros,Taquilla,Taquilla,"33,849.50",,General,Liga
17-08-2024,2024,Agosto,Mineros,Taquilla,Taquilla Partido,"31,570.00",,General,Liga
17-08-2024,2024,Agosto,Mineros,Taquilla,Preventa Taquilla,"3,640.00",,General,Liga
17-08-2024,2024,Agosto,Mineros,Taquilla,Boletos Promo Cerveza,"1,180.00",24,General,Liga
17-08-2024,2024,Agosto,Mineros,Taquilla,Clip Taquilla,"11,200.00",,General,Liga
24-08-2024,2024,Agosto,Tampico,Taquilla,Boletos Promo Cerveza,"13,200.00",171,General,Liga
24-08-2024,2024,Agosto,Tampico,Taquilla,Taquilla,"24,455.50",,General,Liga
24-08-2024,2024,Agosto,Tampico,Taquilla,Taquilla Partido,"11,200.00",,General,Liga
24-08-2024,2024,Agosto,Tampico,Taquilla,Preventa Taquilla,920.00,,General,Liga
24-08-2024,2024,Agosto,Tampico,Taquilla,Clip Taquilla,"8,320.00",,General,Liga
07-09-2024,2024,Septiembre,UDG,Taquilla,Taquilla,"26,956.00",,General,Liga
07-09-2024,2024,Septiembre,UDG,Taquilla,Taquilla Partido,"21,970.00",,General,Liga
07-09-2024,2024,Septiembre,UDG,Taquilla,Clip Taquilla,"9,320.00",,General,Liga
07-09-2024,2024,Septiembre,UDG,Taquilla,Venta Palco 19,6400,,General,Liga
28-09-2024,2024,Septiembre,Tlaxcala,Taquilla,Taquilla,"9,186.00",,General,Liga
28-09-2024,2024,Septiembre,Tlaxcala,Taquilla,Taquilla Partido,"4,840.00",,General,Liga
28-09-2024,2024,Septiembre,Tlaxcala,Taquilla,Clip Taquilla,"3,120.00",,General,Liga
28-09-2024,2024,Septiembre,Tlaxcala,Taquilla,Venta Palco 19,"6,400.00",,General,Liga
28-09-2024,2024,Septiembre,Tlaxcala,Taquilla,Preventa Taquilla,"1,120.00",,General,Liga
28-09-2024,2024,Septiembre,Tlaxcala,Taquilla,Promo Boletos Oktoberfest,"1,125.00",,General,Liga